Workbook

Sheet Đọc trước
A1: Bảng ưu tiên tiếp cận trường – Bitsness (LMS, số hóa học liệu, khóa ngoại ngữ/khoa học/mô phỏng)
A2: Lập ngày 17/10/2026. Điểm hiện tại là SƠ BỘ, cần cập nhật sau khi bạn điền quan hệ (C8) và xác minh dữ liệu.
B4: MỤC ĐÍCH
B5: Xếp hạng 97 cơ sở đào tạo ở Hà Nội (51 cao đẳng, 30 đại học, 2 trung cấp, 14 TT GDNN-GDTX) để quyết định trường nào liên hệ trước.
B6: Mỗi trường được chấm 11 tiêu chí theo thang 1–5, nhân trọng số, quy về thang 100 và tự xếp vào Đợt 1/2/3/4.
B8: CÁCH DÙNG (4 BƯỚC)
B9: 1. Sheet 'Trọng số': xem lại trọng số 11 tiêu chí (ô vàng) và ngưỡng chia đợt. Tổng trọng số nên = 100.
B10: 2. Sheet 'Chấm điểm': điền cột C8 'Đường tiếp cận' (ô vàng đậm) cho từng trường. Mặc định = 1 (chưa quen ai). Đây là tiêu chí nặng nhất (12%), điền xong thứ hạng sẽ thay đổi đáng kể.
B11: 3. Trước khi gọi một trường, xác minh các dòng có cờ đỏ/cam ở cột 'Độ tin cậy dữ liệu', rồi sửa điểm C1–C11 cho đúng thực tế.
B12: 4. Sheet 'Pipeline': đã điền sẵn các trường Đợt 1 và Đợt 2. Cập nhật giai đoạn sau mỗi lần liên hệ; sheet 'Kế hoạch' tự đếm tiến độ phễu.
B13: Sau mỗi cuộc gặp, dùng sheet 'Câu hỏi khảo sát' để hỏi đúng các ý cần cho 11 tiêu chí, rồi quay lại sửa điểm.
B15: CHÚ GIẢI
B16: Ô nền vàng nhạt, chữ xanh dương: dữ liệu bạn nhập/sửa. Ô vàng đậm (cột C8): ưu tiên điền. Ô nền xám xanh: công thức, không gõ đè.
B17: Cột 'Độ tin cậy dữ liệu': đỏ = sai/không xác minh được; cam = chưa xác minh hoặc ước lượng; xanh = đã xác minh qua nguồn chính thức.
... B41: 5. 14 TT GDNN-GDTX cùng chủ quản là Sở GD&ĐT Hà Nội. Nên đề xuất ở cấp Sở (một nền tảng cho cả cụm) song song với pilot ở 1 trung tâm, thay vì đi lẻ 14 nơi.

Sheet Kế hoạch
A1: Kế hoạch tiếp cận: Hà Nội trước, ngoài Hà Nội sau
A2: Mốc thời gian tính từ tuần 19/10/2026. Số trường mỗi đợt và tiến độ phễu tự đếm.
A4: Đợt | B4: Số trường (tự đếm) | C4: Thời gian | D4: Mục tiêu đầu ra | E4: Trọng tâm & cách làm
A5: Đợt 1 | B5: =COUNTIF('Chấm điểm'!$W$5:$W$101,"Đợt 1*") -> 16 | C5: 02/11 – 20/12/2026 (7 tuần) | D5: Gặp ≥10 trường; khảo sát nhu cầu ≥6; gửi ≥3 đề xuất pilot để vào kế hoạch 2027 | E5: Ưu tiên trường công lập vừa sáp nhập (BGH mới, phải hợp nhất học liệu) và trường tư thục y–kỹ thuật quyết nhanh. Danh sách tự động hiện là 8 CĐ + 8 ĐH; nên chuyển 2–3 ĐH lớn, chu kỳ dài (HaUI, ĐH Dược, ĐH Xây dựng) sang Đợt 2 và đưa 2 trường trung cấp đang nâng cấp lên Đợt 1. Tận dụng 20/11 (Ngày Nhà giáo VN) để thăm hỏi, kết nối.
A6: Đợt 2 | B6: =COUNTIF('Chấm điểm'!$W$5:$W$101,"Đợt 2*") -> 36 | C6: 07/12/2026 – 24/01/2027 | D6: Liên hệ toàn bộ; gặp ≥12; chốt 1–2 pilot chạy học kỳ 2 | E6: Chạy song song phần cuối Đợt 1. Dùng phản hồi Đợt 1 chỉnh bộ chào hàng theo phân khúc. Gửi đề xuất cấp cụm cho Sở GD&ĐT về 14 TT GDNN-GDTX.
A7: Đợt 3 | B7: =COUNTIF('Chấm điểm'!$W$5:$W$101,"Đợt 3*") -> 41 | C7: 22/02 – 30/04/2027 | D7: Liên hệ theo nhóm qua hội thảo; chuyển pilot Đợt 1 thành hợp đồng | E7: Tổ chức 1 hội thảo chuyên đề (ví dụ 'Hợp nhất học liệu sau sáp nhập' hoặc 'Thực hành ảo cho trường nghề'), mời nhiều trường Đợt 3 cùng lúc, dùng case pilot Đợt 1 làm minh chứng.
A8: Đợt 4 – Ngoài HN | B8: =COUNTIF('Chấm điểm'!$W$5:$W$101,"Đợt 4*") -> 4 | C8: 05 – 07/2027 | D8: Mở rộng sang tỉnh lân cận với case study Hà Nội | E8: Giữ nguyên khung chấm điểm; thay C9 bằng khoảng cách/thời gian di chuyển từ Hà Nội. Ưu tiên tỉnh có cụm trường nghề (Bắc Ninh, Hưng Yên, Phú Thọ, Ninh Bình).
A10: LỊCH CÔNG VIỆC
A11: Giai đoạn | B11: Từ | C11: Đến | D11: Việc chính | E11: Đầu ra
A12: 0. Chuẩn bị | B12: 19/10/2026 | C12: 01/11/2026 | D12: • Xác minh 16 trường Đợt 1: website, gọi tổng đài/phòng Đào tạo, hỏi người quen. Sửa điểm C1, C5, C10. • Điền C8 (quan hệ) cho toàn bộ danh sách. • Bộ chào hàng theo 7 phân khúc (sheet Kịch bản): 1 trang giới thiệu + 1 đề xuất pilot mẫu. • Demo 3 mô-đun: 1 mô phỏng điện/ô tô, 1 mô phỏng điều dưỡng, 1 khóa tiếng Anh chuyên ngành. • Hồ sơ năng lực pháp nhân, bảng giá khung, gói pilot 1 học kỳ. • Kiểm tra học liệu có xuất SCORM/xAPI/LTI để chạy trên LMS sẵn có của trường. | E12: Danh sách Đợt 1 đã xác minh; bộ tài liệu; demo chạy được
A13: 1. Đợt 1 | B13: 02/11/2026 | C13: 20/12/2026 | D13: • Mỗi tuần liên hệ 3–4 trường, gặp 2. • Cuộc gặp đầu: hỏi theo sheet Câu hỏi khảo sát, không trình bày cả gói ngay. • Trong 5 ngày sau gặp: gửi tóm tắt nhu cầu + đề xuất pilot. • Cập nhật Pipeline sau mỗi lần liên hệ. | E13: ≥10 cuộc gặp, ≥3 đề xuất pilot
A14: 2. Đợt 2 | B14: 07/12/2026 | C14: 24/01/2027 | D14: • Tương tự Đợt 1, dùng bộ chào hàng đã chỉnh. • Gặp Sở GD&ĐT Hà Nội (phòng phụ trách GDNN-GDTX) về đề xuất cấp cụm cho 14 TT. | E14: ≥12 cuộc gặp, 1–2 pilot ký
A15: Tết Nguyên đán | B15: 25/01/2027 | C15: 21/02/2027 | D15: • Không mở liên hệ mới (Tết 06/02/2027). • Triển khai pilot, số hóa học liệu mẫu, viết case study. | E15: Case study đầu tiên
A16: 3. Đợt 3 + chuyển đổi | B16: 22/02/2027 | C16: 30/04/2027 | D16: • Hội thảo chuyên đề cho trường Đợt 3. • Đo kết quả pilot, đề xuất hợp đồng năm. | E16: Hợp đồng đầu tiên từ pilot
A17: 4. Ngoài Hà Nội | B17: 01/05/2027 | C17: 31/07/2027 | D17: • Chấm lại các trường tỉnh bằng cùng khung. • Tiếp cận qua hội thảo/đối tác địa phương. | E17: Danh sách tỉnh + 5–8 cuộc gặp
A19: PHỄU TIẾN ĐỘ (đếm từ sheet Pipeline)
A20: Giai đoạn | B20: Đã đạt (tự đếm) | C20: Mục tiêu hết Đợt 2 | D20: Tỷ lệ đạt | E20: Cách đếm
A21: 1. Trong danh sách | B21: =COUNTA(Pipeline!$A$6:$A$97) -> 52 | E21: Số trường có trong Pipeline
A22: 2. Đã liên hệ | B22: =COUNTIFS(Pipeline!$O$6:$O$97,">="&2,Pipeline!$O$6:$O$97,"<8") -> 0 | C22: 40 | D22: =IF(C22=0,"",B22/C22) -> 0 | E22: Số trường đã tới giai đoạn 2 trở lên (không tính Dừng/Mất)
A23: 3. Đã gặp | B23: =COUNTIFS(Pipeline!$O$6:$O$97,">="&3,Pipeline!$O$6:$O$97,"<8") -> 0 | C23: 22 | D23: =IF(C23=0,"",B23/C23) -> 0 | E23: Số trường đã tới giai đoạn 3 trở lên (không tính Dừng/Mất)
A24: 4. Đã khảo sát nhu cầu | B24: =COUNTIFS(Pipeline!$O$6:$O$97,">="&4,Pipeline!$O$6:$O$97,"<8") -> 0 | C24: 14 | D24: =IF(C24=0,"",B24/C24) -> 0 | E24: Số trường đã tới giai đoạn 4 trở lên (không tính Dừng/Mất)
A25: 5. Demo/Pilot | B25: =COUNTIFS(Pipeline!$O$6:$O$97,">="&5,Pipeline!$O$6:$O$97,"<8") -> 0 | C25: 5 | D25: =IF(C25=0,"",B25/C25) -> 0 | E25: Số trường đã tới giai đoạn 5 trở lên (không tính Dừng/Mất)
A26: 6. Đã gửi báo giá | B26: =COUNTIFS(Pipeline!$O$6:$O$97,">="&6,Pipeline!$O$6:$O$97,"<8") -> 0 | C26: 4 | D26: =IF(C26=0,"",B26/C26) -> 0 | E26: Số trường đã tới giai đoạn 6 trở lên (không tính Dừng/Mất)
A27: 7. Ký hợp đồng | B27: =COUNTIF(Pipeline!$O$6:$O$97,7) -> 0 | C27: 2 | D27: =IF(C27=0,"",B27/C27) -> 0 | E27: Số trường ở giai đoạn 7
A28: Mục tiêu phễu là giả định để theo dõi (bạn sửa ô vàng): khoảng 55% trường liên hệ được sẽ gặp, khoảng 60% số đã gặp đi tới khảo sát nhu cầu. Điều chỉnh sau 4 tuần đầu theo số liệu thật.

Sheet Trọng số
A1: Khung tiêu chí & trọng số
A2: Sửa ô vàng. Mọi điểm trong sheet 'Chấm điểm' và phân đợt cập nhật theo.
A4: Mã | B4: Tiêu chí | C4: Trọng số (%) | D4: Đo cái gì | E4: Điểm 1 | F4: Điểm 3 | G4: Điểm 5
A5: C1 | B5: Khoảng trống LMS | C5: 12 | D5: Trường càng thiếu LMS (đặc biệt LMS cho thực hành) thì nhu cầu càng lớn và ít bị nhà cung cấp cũ chiếm chỗ | E5: Đã có hệ sinh thái LMS tự phát triển/đồng bộ | F5: Có Moodle/e-learning lý thuyết | G5: Chưa có LMS hoặc chỉ dùng Google Classroom/Drive
A6: C2 | B6: Khớp mô phỏng | C6: 10 | D6: Số nhóm ngành khớp 4 mảng mô phỏng: điện–điện tử; cơ khí/ô tô/thiết bị; y tế–điều dưỡng; phòng thí nghiệm khoa học | E6: Không ngành nào khớp | F6: Khớp 1 nhóm ngành | G6: Khớp từ 3 nhóm, hoặc 1–2 nhóm 'rất khớp' và là thế mạnh trường
A7: C3 | B7: Nhu cầu ngoại ngữ | C7: 8 | D7: Áp lực chuẩn đầu ra ngoại ngữ, Đề án 2371 (tiếng Anh ngôn ngữ thứ hai), ngành cần ngoại ngữ (du lịch, điều dưỡng đi làm việc nước ngoài, hợp tác Hàn/Nhật/Đức) | E7: Ngành năng khiếu, ít cần ngoại ngữ | F7: Ngoại ngữ là môn chung/chuẩn đầu ra | G7: Ngoại ngữ là năng lực nghề cốt lõi hoặc có chương trình liên kết nước ngoài
A8: C4 | B8: Nhu cầu số hóa học liệu | C8: 10 | D8: Khối lượng giáo trình cần số hóa, ngành nặng thực hành, trường vừa gộp cần chuẩn hóa học liệu của nhiều trường cũ | E8: Đã có thư viện số/học liệu số đầy đủ | F8: Trường nghề thông thường, học liệu chủ yếu giấy/PDF | G8: Vừa sáp nhập/nâng cấp, phải hợp nhất học liệu nhiều đơn vị
A9: C5 | B9: Quy mô người học | C9: 8 | D9: Số HSSV và số ngành; quy mô càng lớn, giá trị hợp đồng và mức lan tỏa càng cao | E9: Trường nhỏ, chuyên biệt | F9: Quy mô trung bình / chưa rõ | G9: Trường lớn, nhiều ngành, nhiều cơ sở
A10: C6 | B10: Năng lực & tốc độ chi | C10: 10 | D10: Cơ chế tài chính và tốc độ ra quyết định: tư thục nhanh; công lập tự chủ khá; công lập phụ thuộc ngân sách chậm, qua dự toán/đấu thầu | E10: Phụ thuộc ngân sách, quy trình dài | F10: Công lập trực thuộc bộ/thành phố, có nguồn thu sự nghiệp | G10: Tư thục hoặc tự chủ tài chính, chủ trường quyết nhanh
A11: C7 | B11: Sự kiện kích hoạt | C11: 10 | D11: Có sự kiện buộc trường phải đầu tư ngay: mới sáp nhập, lãnh đạo mới, nâng cấp lên cao đẳng, kiểm định, đề án chuyển đổi số | E11: Không có sự kiện đặc biệt | F11: Có động lực chính sách chung (Đề án 2371, chuyển đổi số) | G11: Vừa sáp nhập/nâng cấp/đổi lãnh đạo trong 6 tháng qua
A12: C8 | B12: Đường tiếp cận | C12: 12 | D12: Bạn có người quen/giới thiệu tới người ra quyết định không. BẠN TỰ ĐIỀN (mặc định 1) | E12: Chưa có ai, tiếp cận lạnh | F12: Có người quen gián tiếp (cựu SV, đối tác, hội nhóm) | G12: Quen trực tiếp BGH/Trưởng phòng Đào tạo
A13: C9 | B13: Khoảng cách | C13: 6 | D13: Vùng theo khoảng cách từ Hà Đông; ảnh hưởng chi phí gặp trực tiếp và hỗ trợ triển khai | E13: Ngoài Hà Nội | F13: Vùng 3 (11–15 km) | G13: Vùng 1 (≤5 km)
A14: C10 | B14: Năng lực triển khai phía trường | C14: 7 | D14: Trường có đủ hạ tầng, nhân sự CNTT và thói quen số để dùng được sản phẩm (đối trọng của C1: trường quá sơ khai thì triển khai rủi ro) | E14: Sơ khai: dữ liệu rời rạc trên bảng tính | F14: Trung bình: đã có cổng tra cứu/tuyển sinh online | G14: Đã số hóa quản lý bài bản
A15: C11 | B15: Giá trị tham chiếu | C15: 7 | D15: Thắng trường này có giúp bán cho trường khác không (trường đầu tàu, cùng hệ thống với nhiều trường, thương hiệu lớn) | E15: Trường lẻ, ít ảnh hưởng | F15: Trường trung bình trong mạng lưới | G15: Đầu tàu ngành/thuộc hệ thống nhiều trường cùng chủ quản
B16: Tổng trọng số | C16: =SUM(C5:C15) -> 100 | D16: =IF(C16=100,"OK","Lưu ý: tổng khác 100, điểm vẫn quy về thang 100 nhưng nên giữ 100 cho dễ đọc") -> OK
B17: Nhóm: Nhu cầu (C1–C4) = 40%; Khả năng mua (C5–C7) = 28%; Tiếp cận (C8–C9) = 18%; Khả thi & lan tỏa (C10–C11) = 14%
B19: Ngưỡng Đợt 1 (điểm ≥) | C19: 70 | D19: Chọn 70 để Đợt 1 có khoảng 16 trường, vừa sức tiếp cận trong 7 tuần (xem sheet Kế hoạch). Dưới ngưỡng Đợt 2 là Đợt 3. Trường ngoài Hà Nội luôn vào Đợt 4.
B20: Ngưỡng Đợt 2 (điểm ≥) | C20: 65

Sheet Chấm điểm
A1: Chấm điểm & xếp hạng
A2: Ô vàng là dữ liệu nhập. C8 (cột R) mặc định 1, hãy điền. C9 tự tính từ cột Vùng. Dùng bộ lọc ở hàng tiêu đề để sắp xếp/lọc theo Đợt, Loại hình.
J3: Trọng số → | K3: ='Trọng số'!C5 -> 12 | L3: ='Trọng số'!C6 -> 10 | M3: ='Trọng số'!C7 -> 8 | N3: ='Trọng số'!C8 -> 10 | O3: ='Trọng số'!C9 -> 8 | P3: ='Trọng số'!C10 -> 10 | Q3: ='Trọng số'!C11 -> 10 | R3: ='Trọng số'!C12 -> 12 | S3: ='Trọng số'!C13 -> 6 | T3: ='Trọng số'!C14 -> 7 | U3: ='Trọng số'!C15 -> 7
A4: Hạng | B4: Trường | C4: Loại hình | D4: Chủ quản | E4: Vùng | F4: Km từ Hà Đông (file gốc) | G4: Ngành chính | H4: Hiện trạng LMS (file gốc) | I4: Số hóa quản lý (file gốc) | J4: Sự kiện kích hoạt | K4: C1 Khoảng trống LMS | L4: C2 Khớp mô phỏng | M4: C3 Nhu cầu ngoại ngữ | N4: C4 Nhu cầu số hóa học liệu | O4: C5 Quy mô người học | P4: C6 Năng lực & tốc độ chi | Q4: C7 Sự kiện kích hoạt | R4: C8 Đường tiếp cận | S4: C9 Khoảng cách | T4: C10 Năng lực triển khai phía trường | U4: C11 Giá trị tham chiếu | V4: Tổng điểm (/100) | W4: Đợt đề xuất | X4: Gói chào mở cửa (tự động) | Y4: Độ tin cậy dữ liệu | Z4: Căn cứ chấm sơ bộ (từng tiêu chí) | AA4: Ghi chú | AB4: Website | AC4: Nguồn dòng
A5: =RANK(V5,$V$5:$V$101) -> 1 | B5: Trường ĐH Phenikaa | C5: Đại học | D5: Tư thục | E5: 1 | G5: Kỹ thuật, ô tô, điện tử, y dược, điều dưỡng | H5: Cần khảo sát (chưa rõ, giả định có LMS/Moodle cơ bản) | I5: Cần khảo sát | J5: Đề án 2371: chuẩn đầu ra tiếng Anh | K5: 3 | L5: 5 | M5: 5 | N5: 4 | O5: 5 | P5: 5 | Q5: 3 | R5: 1 | S5: =IF(E5="Ngoài HN",1,IF(E5="","",6-VALUE(E5))) -> 5 | T5: 5 | U5: 4 | V5: =ROUND(SUMPRODUCT(K5:U5,$K$3:$U$3)/(5*SUM($K$3:$U$3))*100,1) -> 78.2 | W5: =IF(E5="Ngoài HN","Đợt 4 – Ngoài HN",IF(V5>='Trọng số'!$C$19,"Đợt 1",IF(V5>='Trọng số'!$C$20,"Đợt 2","Đợt 3"))) -> Đợt 1 | X5: =IF(K5>=4,"LMS + số hóa học liệu",IF(K5=3,"Nâng cấp/thay LMS + số hóa học liệu","Số hóa học liệu, chạy trên LMS sẵn có"))&IF(L5>=4," + mô phỏng","")&IF(M5>=4," + ngoại ngữ","") -> Nâng cấp/thay LMS + số hóa học liệu + mô phỏng + ngoại ngữ | Y5: Ước lượng – LMS/quy mô cần khảo sát | Z5: C1=3: chưa rõ, giả định có LMS/Moodle cơ bản | C2=5: khớp: điện–điện tử, cơ khí/ô tô/thiết bị, y tế, lab khoa học | C3=5: Đề án 2371 + chuẩn đầu ra tiếng Anh ĐH | C4=4: khối lượng giáo trình lớn | C5=5: rất lớn | C6=5: Tư thục | C7=3: Đề án 2371: chuẩn đầu ra tiếng Anh | C8=1: chưa có quan hệ (tự cập nhật) | C9=5: Vùng 1 (ước lượng) | C10=5: hạ tầng CNTT mạnh | C11=4: uy tín trong khối ngành | AC5: Bổ sung
A6: =RANK(V6,$V$5:$V$101) -> 2 | B6: CĐ Y tế Hà Nội (đã hợp nhất CĐ Y tế Hà Đông) | C6: Cao đẳng | D6: Công lập – TP Hà Nội | E6: 1 | F6: 1.5 | G6: Kỹ thuật Xét nghiệm y học, Điều dưỡng, Dược, Thiết bị y tế cơ bản | H6: Chưa có LMS thực hành. Đang duy trì cổng thông tin đào tạo trên cdythadong.edu.vn. | I6: Cơ bản. Đã có tra cứu điểm thi, quản lý hồ sơ sinh viên nội bộ qua website. | J6: Hợp nhất CĐ Y tế Hà Đông + CĐ Y tế Hà Nội (QĐ 2026); BGH mới bổ nhiệm 6/10/2026 | K6: 5 | L6: 5 | M6: 4 | N6: 5 | O6: 4 | P6: 3 | Q6: 5 | R6: 1 | S6: =IF(E6="Ngoài HN",1,IF(E6="","",6-VALUE(E6))) -> 5 | T6: 2 | U6: 4 | V6: =ROUND(SUMPRODUCT(K6:U6,$K$3:$U$3)/(5*SUM($K$3:$U$3))*100,1) -> 77.6 | W6: =IF(E6="Ngoài HN","Đợt 4 – Ngoài HN",IF(V6>='Trọng số'!$C$19,"Đợt 1",IF(V6>='Trọng số'!$C$20,"Đợt 2","Đợt 3"))) -> Đợt 1 | X6: =IF(K6>=4,"LMS + số hóa học liệu",IF(K6=3,"Nâng cấp/thay LMS + số hóa học liệu","Số hóa học liệu, chạy trên LMS sẵn có"))&IF(L6>=4," + mô phỏng","")&IF(M6>=4," + ngoại ngữ","") -> LMS + số hóa học liệu + mô phỏng + ngoại ngữ | Y6: Đã xác minh sáp nhập; hiện trạng LMS là của CĐ Y tế Hà Đông cũ | Z6: C1=5: chưa có LMS (theo file) | C2=5: khớp: cơ khí/ô tô/thiết bị, y tế, lab khoa học | C3=4: điều dưỡng/y tế: nhu cầu tiếng Nhật/Đức/Anh để làm việc nước ngoài | C4=5: vừa gộp trường, phải hợp nhất học liệu | C5=4: lớn, nhiều ngành | C6=3: Công lập – TP Hà Nội | C7=5: Hợp nhất CĐ Y tế Hà Đông + CĐ Y tế Hà Nội (QĐ 2026); BGH mới bổ nhiệm 6/10/2026 | C8=1: chưa có quan hệ (tự cập nhật) | C9=5: Vùng 1 | C10=2: số hóa quản lý cơ bản | C11=4: thuộc hệ thống trường của TP/bộ, dễ nhân rộng | AA6: Hiệu trưởng: Phạm Văn Tân (TB 750-TB/TU) | AB6: cdythadong.edu.vn | AC6: File gốc #1
A7: =RANK(V7,$V$5:$V$101) -> 3 | B7: CĐ nghề Việt Nam – Hàn Quốc TP Hà Nội | C7: Cao đẳng | D7: Công lập – TP Hà Nội | E7: 3 | G7: Cơ khí, điện – điện tử, ô tô, CNTT (hợp tác Hàn Quốc) | H7: Cần khảo sát | I7: Cần khảo sát | J7: Nhận sáp nhập 2 trường trung cấp (KH 292/KH-UBND); BGH mới 6/10/2026 | K7: 4 | L7: 4 | M7: 5 | N7: 5 | O7: 4 | P7: 3 | Q7: 5 | R7: 1 | S7: =IF(E7="Ngoài HN",1,IF(E7="","",6-VALUE(E7))) -> 3 | T7: 3 | U7: 4 | V7: =ROUND(SUMPRODUCT(K7:U7,$K$3:$U$3)/(5*SUM($K$3:$U$3))*100,1) -> 73.8 | W7: =IF(E7="Ngoài HN","Đợt 4 – Ngoài HN",IF(V7>='Trọng số'!$C$19,"Đợt 1",IF(V7>='Trọng số'!$C$20,"Đợt 2","Đợt 3"))) -> Đợt 1 | X7: =IF(K7>=4,"LMS + số hóa học liệu",IF(K7=3,"Nâng cấp/thay LMS + số hóa học liệu","Số hóa học liệu, chạy trên LMS sẵn có"))&IF(L7>=4," + mô phỏng","")&IF(M7>=4," + ngoại ngữ","") -> LMS + số hóa học liệu + mô phỏng + ngoại ngữ | Y7: Đã xác minh sáp nhập; vị trí/LMS cần khảo sát | Z7: C1=4: chưa rõ, giả định LMS rời rạc sau sáp nhập | C2=4: khớp: điện–điện tử, cơ khí/ô tô | C3=5: tiếng Hàn là lợi thế cốt lõi | C4=5: vừa nhận 2 trường trung cấp, phải hợp nhất học liệu | C5=4: lớn sau sáp nhập | C6=3: Công lập – TP Hà Nội | C7=5: Nhận sáp nhập 2 trường trung cấp (KH 292/KH-UBND); BGH mới 6/10/2026 (TC nghề Cơ khí I HN + TC KT-KT Bắc Thăng Long) | C8=1: chưa có quan hệ (tự cập nhật) | C9=3: Vùng 3 (ước lượng) | C10=3: chưa rõ | C11=4: thuộc hệ thống trường của TP | AA7: Hiệu trưởng: Nguyễn Công Truyền (TB 750-TB/TU) | AC7: Bổ sung
A8: =RANK(V8,$V$5:$V$101) -> 4 | B8: CĐ Kỹ thuật - Công nghệ Bách Khoa (CTECH) | C8: Cao đẳng | D8: Tư thục | E8: 3 | F8: 13 | G8: Thiết kế vi mạch, Điện tử - Viễn thông, Cơ điện tử, Ô tô | H8: Chưa có LMS thực hành. Cổng thông tin chính tại ctech.edu.vn, tuyển sinh tại tuyensinh.ctech.edu.vn. | I8: Đang nâng cấp. Trường tư thục quy mô lớn đang đầu tư mạnh vào cơ sở vật chất mới. | J8: Đang đầu tư mạnh cơ sở vật chất mới | K8: 5 | L8: 5 | M8: 3 | N8: 4 | O8: 4 | P8: 5 | Q8: 4 | R8: 1 | S8: =IF(E8="Ngoài HN",1,IF(E8="","",6-VALUE(E8))) -> 3 | T8: 3 | U8: 3 | V8: =ROUND(SUMPRODUCT(K8:U8,$K$3:$U$3)/(5*SUM($K$3:$U$3))*100,1) -> 73.6 | W8: =IF(E8="Ngoài HN","Đợt 4 – Ngoài HN",IF(V8>='Trọng số'!$C$19,"Đợt 1",IF(V8>='Trọng số'!$C$20,"Đợt 2","Đợt 3"))) -> Đợt 1 | X8: =IF(K8>=4,"LMS + số hóa học liệu",IF(K8=3,"Nâng cấp/thay LMS + số hóa học liệu","Số hóa học liệu, chạy trên LMS sẵn có"))&IF(L8>=4," + mô phỏng","")&IF(M8>=4," + ngoại ngữ","") -> LMS + số hóa học liệu + mô phỏng | Y8: Chưa xác minh (file gốc) | Z8: C1=5: chưa có LMS (theo file) | C2=5: khớp: điện–điện tử, cơ khí/ô tô/thiết bị | C3=3: ngoại ngữ là chuẩn đầu ra chung | C4=4: trường nghề nặng thực hành, học liệu chủ yếu giấy/PDF | C5=4: lớn, nhiều ngành | C6=5: Tư thục | C7=4: Đang đầu tư mạnh cơ sở vật chất mới | C8=1: chưa có quan hệ (tự cập nhật) | C9=3: Vùng 3 | C10=3: đang nâng cấp | C11=3: trường trong mạng lưới | AB8: ctech.edu.vn | AC8: File gốc #34
A9: =RANK(V9,$V$5:$V$101) -> 5 | B9: CĐ Thương mại và Du lịch Hà Nội (đã nhận CĐ Cộng đồng HN) | C9: Cao đẳng | D9: Công lập – TP Hà Nội | E9: 3 | F9: 12.5 | G9: Kỹ thuật chế biến món ăn, Thương mại điện tử, Quản trị mạng | H9: Có cổng học tập số. Chia sẻ kho bài giảng điện tử và kiểm tra trắc nghiệm online. | I9: Khá. Có phân hệ quản trị đào tạo theo tín chỉ và cổng tiếp nhận sinh viên. | J9: Nhận sáp nhập CĐ Cộng đồng HN + TC Nấu ăn-NVDL&TT HN; BGH mới 6/10/2026 | K9: 3 | L9: 4 | M9: 5 | N9: 5 | O9: 4 | P9: 3 | Q9: 5 | R9: 1 | S9: =IF(E9="Ngoài HN",1,IF(E9="","",6-VALUE(E9))) -> 3 | T9: 4 | U9: 4 | V9: =ROUND(SUMPRODUCT(K9:U9,$K$3:$U$3)/(5*SUM($K$3:$U$3))*100,1) -> 72.8 | W9: =IF(E9="Ngoài HN","Đợt 4 – Ngoài HN",IF(V9>='Trọng số'!$C$19,"Đợt 1",IF(V9>='Trọng số'!$C$20,"Đợt 2","Đợt 3"))) -> Đợt 1 | X9: =IF(K9>=4,"LMS + số hóa học liệu",IF(K9=3,"Nâng cấp/thay LMS + số hóa học liệu","Số hóa học liệu, chạy trên LMS sẵn có"))&IF(L9>=4," + mô phỏng","")&IF(M9>=4," + ngoại ngữ","") -> Nâng cấp/thay LMS + số hóa học liệu + mô phỏng + ngoại ngữ | Y9: Đã xác minh sáp nhập; gộp dòng #15 (CĐ Cộng đồng HN) vào đây | Z9: C1=3: có e-learning lý thuyết | C2=4: khớp: điện–điện tử, lab khoa học | C3=5: ngành du lịch/thương mại/liên kết Hàn: ngoại ngữ là năng lực nghề | C4=5: vừa gộp trường, phải hợp nhất học liệu | C5=4: lớn, nhiều ngành | C6=3: Công lập – TP Hà Nội | C7=5: Nhận sáp nhập CĐ Cộng đồng HN + TC Nấu ăn-NVDL&TT HN; BGH mới 6/10/2026 | C8=1: chưa có quan hệ (tự cập nhật) | C9=3: Vùng 3 | C10=4: số hóa quản lý khá | C11=4: thuộc hệ thống trường của TP/bộ, dễ nhân rộng | AA9: Hiệu trưởng: Trịnh Thị Thu Hà (TB 750-TB/TU) | AB9: hcat.edu.vn | AC9: File gốc #33 + #15
A10: =RANK(V10,$V$5:$V$101) -> 5 | B10: Trường ĐH Công nghiệp Hà Nội (HaUI) | C10: Đại học | D10: Công lập – tự chủ | E10: 3 | G10: Cơ khí, điện, điện tử, ô tô, ngoại ngữ | H10: Cần khảo sát (nhiều khả năng đã có LMS (giả định)) | I10: Cần khảo sát | J10: Đề án 2371 | K10: 2 | L10: 5 | M10: 5 | N10: 4 | O10: 5 | P10: 4 | Q10: 3 | R10: 1 | S10: =IF(E10="Ngoài HN",1,IF(E10="","",6-VALUE(E10))) -> 3 | T10: 5 | U10: 5 | V10: =ROUND(SUMPRODUCT(K10:U10,$K$3:$U$3)/(5*SUM($K$3:$U$3))*100,1) -> 72.8 | W10: =IF(E10="Ngoài HN","Đợt 4 – Ngoài HN",IF(V10>='Trọng số'!$C$19,"Đợt 1",IF(V10>='Trọng số'!$C$20,"Đợt 2","Đợt 3"))) -> Đợt 1 | X10: =IF(K10>=4,"LMS + số hóa học liệu",IF(K10=3,"Nâng cấp/thay LMS + số hóa học liệu","Số hóa học liệu, chạy trên LMS sẵn có"))&IF(L10>=4," + mô phỏng","")&IF(M10>=4," + ngoại ngữ","") -> Số hóa học liệu, chạy trên LMS sẵn có + mô phỏng + ngoại ngữ | Y10: Ước lượng – LMS/quy mô cần khảo sát | Z10: C1=2: nhiều khả năng đã có LMS (giả định) | C2=5: khớp: điện–điện tử, cơ khí/ô tô/thiết bị | C3=5: Đề án 2371 + chuẩn đầu ra tiếng Anh ĐH | C4=4: khối lượng giáo trình lớn | C5=5: rất lớn | C6=4: Công lập – tự chủ | C7=3: Đề án 2371 | C8=1: chưa có quan hệ (tự cập nhật) | C9=3: Vùng 3 (ước lượng) | C10=5: hạ tầng CNTT mạnh | C11=5: thương hiệu đầu ngành | AA10: Quy mô rất lớn; nhiều khả năng đã có hệ thống riêng | AC10: Bổ sung
A11: =RANK(V11,$V$5:$V$101) -> 7 | B11: CĐ nghề Công nghiệp Hà Nội (HNIVC) | C11: Cao đẳng | D11: Công lập – TP Hà Nội | E11: 2 | F11: 7.5 | G11: Điện - Điện tử, Cơ điện tử, Tự động hóa, Ô tô, Cơ khí CNC | H11: Đã có LMS chuẩn: elearning.hnivc.edu.vn. Quản lý sinh viên tại sinhvien.hnivc.edu.vn. | I11: Đã số hóa bài bản. Tách biệt rõ ràng giữa quản lý đào tạo, hồ sơ sinh viên và cổng LMS. | J11: Nhận sáp nhập TC Kỹ thuật Tin học HN + TC KT-KT&CN HN; BGH mới 6/10/2026 | K11: 2 | L11: 5 | M11: 3 | N11: 5 | O11: 4 | P11: 3 | Q11: 5 | R11: 1 | S11: =IF(E11="Ngoài HN",1,IF(E11="","",6-VALUE(E11))) -> 4 | T11: 5 | U11: 4 | V11: =ROUND(SUMPRODUCT(K11:U11,$K$3:$U$3)/(5*SUM($K$3:$U$3))*100,1) -> 71.8 | W11: =IF(E11="Ngoài HN","Đợt 4 – Ngoài HN",IF(V11>='Trọng số'!$C$19,"Đợt 1",IF(V11>='Trọng số'!$C$20,"Đợt 2","Đợt 3"))) -> Đợt 1 | X11: =IF(K11>=4,"LMS + số hóa học liệu",IF(K11=3,"Nâng cấp/thay LMS + số hóa học liệu","Số hóa học liệu, chạy trên LMS sẵn có"))&IF(L11>=4," + mô phỏng","")&IF(M11>=4," + ngoại ngữ","") -> Số hóa học liệu, chạy trên LMS sẵn có + mô phỏng | Y11: Đã xác minh sáp nhập | Z11: C1=2: đã có LMS đầy đủ | C2=5: khớp: điện–điện tử, cơ khí/ô tô/thiết bị, lab khoa học | C3=3: ngoại ngữ là chuẩn đầu ra chung | C4=5: vừa gộp trường, phải hợp nhất học liệu | C5=4: lớn, nhiều ngành | C6=3: Công lập – TP Hà Nội | C7=5: Nhận sáp nhập TC Kỹ thuật Tin học HN + TC KT-KT&CN HN; BGH mới 6/10/2026 | C8=1: chưa có quan hệ (tự cập nhật) | C9=4: Vùng 2 | C10=5: đã số hóa quản lý tốt | C11=4: thuộc hệ thống trường của TP/bộ, dễ nhân rộng | AA11: Hiệu trưởng: Phạm Thị Hường (TB 750-TB/TU) | AB11: hnivc.edu.vn | AC11: File gốc #14
A12: =RANK(V12,$V$5:$V$101) -> 8 | B12: Trường ĐH Xây dựng Hà Nội | C12: Đại học | D12: Công lập – tự chủ | E12: 2 | G12: Xây dựng, cơ khí, môi trường, BIM | H12: Cần khảo sát (chưa rõ, giả định có LMS/Moodle cơ bản) | I12: Cần khảo sát | J12: Đề án 2371 | K12: 3 | L12: 4 | M12: 4 | N12: 4 | O12: 5 | P12: 4 | Q12: 3 | R12: 1 | S12: =IF(E12="Ngoài HN",1,IF(E12="","",6-VALUE(E12))) -> 4 | T12: 5 | U12: 4 | V12: =ROUND(SUMPRODUCT(K12:U12,$K$3:$U$3)/(5*SUM($K$3:$U$3))*100,1) -> 71.4 | W12: =IF(E12="Ngoài HN","Đợt 4 – Ngoài HN",IF(V12>='Trọng số'!$C$19,"Đợt 1",IF(V12>='Trọng số'!$C$20,"Đợt 2","Đợt 3"))) -> Đợt 1 | X12: =IF(K12>=4,"LMS + số hóa học liệu",IF(K12=3,"Nâng cấp/thay LMS + số hóa học liệu","Số hóa học liệu, chạy trên LMS sẵn có"))&IF(L12>=4," + mô phỏng","")&IF(M12>=4," + ngoại ngữ","") -> Nâng cấp/thay LMS + số hóa học liệu + mô phỏng + ngoại ngữ | Y12: Ước lượng – LMS/quy mô cần khảo sát | Z12: C1=3: chưa rõ, giả định có LMS/Moodle cơ bản | C2=4: khớp: cơ khí/ô tô/thiết bị, lab khoa học | C3=4: Đề án 2371 + chuẩn đầu ra tiếng Anh ĐH | C4=4: khối lượng giáo trình lớn | C5=5: rất lớn | C6=4: Công lập – tự chủ | C7=3: Đề án 2371 | C8=1: chưa có quan hệ (tự cập nhật) | C9=4: Vùng 2 (ước lượng) | C10=5: hạ tầng CNTT mạnh | C11=4: uy tín trong khối ngành | AC12: Bổ sung
A13: =RANK(V13,$V$5:$V$101) -> 9 | B13: CĐ Điện tử - Điện lạnh Hà Nội (CER) | C13: Cao đẳng | D13: Công lập – TP Hà Nội | E13: 2 | F13: 10.2 | G13: Điện tử công nghiệp, Kỹ thuật máy lạnh (VRV/Chiller), Xe điện | H13: Có E-learning từ xa: Tích hợp trên dtdl.edu.vn/gioi-thieu/ (hợp tác triển khai cùng AUM). | I13: Khá. Đã số hóa cổng sinh viên và lịch giảng dạy trực tuyến. | J13: Nhận sáp nhập TC nghề số 1 HN + TC Xây dựng HN; BGH mới 6/10/2026 | K13: 3 | L13: 4 | M13: 3 | N13: 5 | O13: 4 | P13: 3 | Q13: 5 | R13: 1 | S13: =IF(E13="Ngoài HN",1,IF(E13="","",6-VALUE(E13))) -> 4 | T13: 4 | U13: 4 | V13: =ROUND(SUMPRODUCT(K13:U13,$K$3:$U$3)/(5*SUM($K$3:$U$3))*100,1) -> 70.8 | W13: =IF(E13="Ngoài HN","Đợt 4 – Ngoài HN",IF(V13>='Trọng số'!$C$19,"Đợt 1",IF(V13>='Trọng số'!$C$20,"Đợt 2","Đợt 3"))) -> Đợt 1 | X13: =IF(K13>=4,"LMS + số hóa học liệu",IF(K13=3,"Nâng cấp/thay LMS + số hóa học liệu","Số hóa học liệu, chạy trên LMS sẵn có"))&IF(L13>=4," + mô phỏng","")&IF(M13>=4," + ngoại ngữ","") -> Nâng cấp/thay LMS + số hóa học liệu + mô phỏng | Y13: Đã xác minh sáp nhập | Z13: C1=3: có e-learning lý thuyết | C2=4: khớp: điện–điện tử | C3=3: ngoại ngữ là chuẩn đầu ra chung | C4=5: vừa gộp trường, phải hợp nhất học liệu | C5=4: lớn, nhiều ngành | C6=3: Công lập – TP Hà Nội | C7=5: Nhận sáp nhập TC nghề số 1 HN + TC Xây dựng HN; BGH mới 6/10/2026 | C8=1: chưa có quan hệ (tự cập nhật) | C9=4: Vùng 2 | C10=4: số hóa quản lý khá | C11=4: thuộc hệ thống trường của TP/bộ, dễ nhân rộng | AA13: Hiệu trưởng: Trần Xuân Ngọc (TB 750-TB/TU) | AB13: dtdl.edu.vn | AC13: File gốc #24
A14: =RANK(V14,$V$5:$V$101) -> 10 | B14: Trường ĐH Kinh doanh và Công nghệ Hà Nội (HUBT) | C14: Đại học | D14: Tư thục | E14: 2 | G14: Y, dược, kỹ thuật, kinh tế | H14: Cần khảo sát (chưa rõ, giả định có LMS/Moodle cơ bản) | I14: Cần khảo sát | J14: Đề án 2371 | K14: 3 | L14: 4 | M14: 4 | N14: 4 | O14: 5 | P14: 5 | Q14: 3 | R14: 1 | S14: =IF(E14="Ngoài HN",1,IF(E14="","",6-VALUE(E14))) -> 4 | T14: 4 | U14: 3 | V14: =ROUND(SUMPRODUCT(K14:U14,$K$3:$U$3)/(5*SUM($K$3:$U$3))*100,1) -> 70.6 | W14: =IF(E14="Ngoài HN","Đợt 4 – Ngoài HN",IF(V14>='Trọng số'!$C$19,"Đợt 1",IF(V14>='Trọng số'!$C$20,"Đợt 2","Đợt 3"))) -> Đợt 1 | X14: =IF(K14>=4,"LMS + số hóa học liệu",IF(K14=3,"Nâng cấp/thay LMS + số hóa học liệu","Số hóa học liệu, chạy trên LMS sẵn có"))&IF(L14>=4," + mô phỏng","")&IF(M14>=4," + ngoại ngữ","") -> Nâng cấp/thay LMS + số hóa học liệu + mô phỏng + ngoại ngữ | Y14: Ước lượng – LMS/quy mô cần khảo sát | Z14: C1=3: chưa rõ, giả định có LMS/Moodle cơ bản | C2=4: khớp: y tế, lab khoa học | C3=4: Đề án 2371 + chuẩn đầu ra tiếng Anh ĐH | C4=4: khối lượng giáo trình lớn | C5=5: rất lớn | C6=5: Tư thục | C7=3: Đề án 2371 | C8=1: chưa có quan hệ (tự cập nhật) | C9=4: Vùng 2 (ước lượng) | C10=4: hạ tầng khá | C11=3: trường trung bình | AC14: Bổ sung
A15: =RANK(V15,$V$5:$V$101) -> 11 | B15: CĐ Công nghệ và Thương mại Hà Nội (HTT) | C15: Cao đẳng | D15: Tư thục | E15: 3 | F15: 13.5 | G15: Kỹ thuật Điện - Điện tử, Tự động hóa, Công nghệ Ô tô, CNTT | H15: Có E-learning cơ bản. Hỗ trợ sinh viên học các học phần lý thuyết từ xa. | I15: Khá. Đã có cổng thông tin tra cứu điểm thi và nộp hồ sơ nhập học online. | J15: Không có sự kiện riêng; chỉ có động lực chính sách chung | K15: 4 | L15: 5 | M15: 5 | N15: 4 | O15: 3 | P15: 5 | Q15: 2 | R15: 1 | S15: =IF(E15="Ngoài HN",1,IF(E15="","",6-VALUE(E15))) -> 3 | T15: 4 | U15: 3 | V15: =ROUND(SUMPRODUCT(K15:U15,$K$3:$U$3)/(5*SUM($K$3:$U$3))*100,1) -> 70.2 | W15: =IF(E15="Ngoài HN","Đợt 4 – Ngoài HN",IF(V15>='Trọng số'!$C$19,"Đợt 1",IF(V15>='Trọng số'!$C$20,"Đợt 2","Đợt 3"))) -> Đợt 1 | X15: =IF(K15>=4,"LMS + số hóa học liệu",IF(K15=3,"Nâng cấp/thay LMS + số hóa học liệu","Số hóa học liệu, chạy trên LMS sẵn có"))&IF(L15>=4," + mô phỏng","")&IF(M15>=4," + ngoại ngữ","") -> LMS + số hóa học liệu + mô phỏng + ngoại ngữ | Y15: Chưa xác minh (file gốc) | Z15: C1=4: LMS mức cơ bản | C2=5: khớp: điện–điện tử, cơ khí/ô tô/thiết bị, lab khoa học | C3=5: ngành du lịch/thương mại/liên kết Hàn: ngoại ngữ là năng lực nghề | C4=4: trường nghề nặng thực hành, học liệu chủ yếu giấy/PDF | C5=3: trung bình/chưa rõ | C6=5: Tư thục | C7=2: Không có sự kiện riêng; chỉ có động lực chính sách chung | C8=1: chưa có quan hệ (tự cập nhật) | C9=3: Vùng 3 | C10=4: số hóa quản lý khá | C11=3: trường trong mạng lưới | AB15: htt.edu.vn | AC15: File gốc #36
A16: =RANK(V16,$V$5:$V$101) -> 11 | B16: Trường ĐH Đại Nam | C16: Đại học | D16: Tư thục | E16: 1 | G16: Y dược, điều dưỡng, CNTT, ngôn ngữ | H16: Cần khảo sát (chưa rõ, giả định có LMS/Moodle cơ bản) | I16: Cần khảo sát | J16: Đề án 2371: chuẩn đầu ra tiếng Anh | K16: 3 | L16: 4 | M16: 4 | N16: 4 | O16: 4 | P16: 5 | Q16: 3 | R16: 1 | S16: =IF(E16="Ngoài HN",1,IF(E16="","",6-VALUE(E16))) -> 5 | T16: 4 | U16: 3 | V16: =ROUND(SUMPRODUCT(K16:U16,$K$3:$U$3)/(5*SUM($K$3:$U$3))*100,1) -> 70.2 | W16: =IF(E16="Ngoài HN","Đợt 4 – Ngoài HN",IF(V16>='Trọng số'!$C$19,"Đợt 1",IF(V16>='Trọng số'!$C$20,"Đợt 2","Đợt 3"))) -> Đợt 1 | X16: =IF(K16>=4,"LMS + số hóa học liệu",IF(K16=3,"Nâng cấp/thay LMS + số hóa học liệu","Số hóa học liệu, chạy trên LMS sẵn có"))&IF(L16>=4," + mô phỏng","")&IF(M16>=4," + ngoại ngữ","") -> Nâng cấp/thay LMS + số hóa học liệu + mô phỏng + ngoại ngữ | Y16: Ước lượng – LMS/quy mô cần khảo sát | Z16: C1=3: chưa rõ, giả định có LMS/Moodle cơ bản | C2=4: khớp: y tế, lab khoa học | C3=4: Đề án 2371 + chuẩn đầu ra tiếng Anh ĐH | C4=4: khối lượng giáo trình lớn | C5=4: lớn | C6=5: Tư thục | C7=3: Đề án 2371: chuẩn đầu ra tiếng Anh | C8=1: chưa có quan hệ (tự cập nhật) | C9=5: Vùng 1 (ước lượng) | C10=4: hạ tầng khá | C11=3: trường trung bình | AC16: Bổ sung
A17: =RANK(V17,$V$5:$V$101) -> 13 | B17: CĐ Y Dược Tuệ Tĩnh Hà Nội | C17: Cao đẳng | D17: Tư thục | E17: 1 | F17: 2 | G17: Y học cổ truyền, Dược học, Kỹ thuật Điều dưỡng | H17: Chưa có LMS chuyên biệt. Thông báo học tập qua website và lớp học Google Classroom. | I17: Trung bình. Tiếp nhận hồ sơ qua cổng Đăng ký trực tuyến. | J17: Không có sự kiện riêng; chỉ có động lực chính sách chung | K17: 5 | L17: 4 | M17: 4 | N17: 4 | O17: 3 | P17: 5 | Q17: 2 | R17: 1 | S17: =IF(E17="Ngoài HN",1,IF(E17="","",6-VALUE(E17))) -> 5 | T17: 3 | U17: 3 | V17: =ROUND(SUMPRODUCT(K17:U17,$K$3:$U$3)/(5*SUM($K$3:$U$3))*100,1) -> 70 | W17: =IF(E17="Ngoài HN","Đợt 4 – Ngoài HN",IF(V17>='Trọng số'!$C$19,"Đợt 1",IF(V17>='Trọng số'!$C$20,"Đợt 2","Đợt 3"))) -> Đợt 1 | X17: =IF(K17>=4,"LMS + số hóa học liệu",IF(K17=3,"Nâng cấp/thay LMS + số hóa học liệu","Số hóa học liệu, chạy trên LMS sẵn có"))&IF(L17>=4," + mô phỏng","")&IF(M17>=4," + ngoại ngữ","") -> LMS + số hóa học liệu + mô phỏng + ngoại ngữ | Y17: Chưa xác minh (file gốc) | Z17: C1=5: chưa có LMS (theo file) | C2=4: khớp: y tế, lab khoa học | C3=4: điều dưỡng/y tế: nhu cầu tiếng Nhật/Đức/Anh để làm việc nước ngoài | C4=4: trường nghề nặng thực hành, học liệu chủ yếu giấy/PDF | C5=3: trung bình/chưa rõ | C6=5: Tư thục | C7=2: Không có sự kiện riêng; chỉ có động lực chính sách chung | C8=1: chưa có quan hệ (tự cập nhật) | C9=5: Vùng 1 | C10=3: số hóa trung bình | C11=3: trường trong mạng lưới | AB17: tuetinh.edu.vn | AC17: File gốc #2
A18: =RANK(V18,$V$5:$V$101) -> 13 | B18: CĐ Y Dược Hà Nội (Phân viện Triều Khúc) | C18: Cao đẳng | D18: Tư thục (cần xác minh) | E18: 1 | F18: 5 | G18: Dược, Điều dưỡng, Kỹ thuật Phục hồi chức năng | H18: Chưa có LMS thực hành. Mới có kho tài liệu số trên web. | I18: Trung bình. Có cổng xét tuyển trực tuyến và quản lý hồ sơ tân sinh viên. | J18: Không có sự kiện riêng; chỉ có động lực chính sách chung | K18: 5 | L18: 4 | M18: 4 | N18: 4 | O18: 3 | P18: 5 | Q18: 2 | R18: 1 | S18: =IF(E18="Ngoài HN",1,IF(E18="","",6-VALUE(E18))) -> 5 | T18: 3 | U18: 3 | V18: =ROUND(SUMPRODUCT(K18:U18,$K$3:$U$3)/(5*SUM($K$3:$U$3))*100,1) -> 70 | W18: =IF(E18="Ngoài HN","Đợt 4 – Ngoài HN",IF(V18>='Trọng số'!$C$19,"Đợt 1",IF(V18>='Trọng số'!$C$20,"Đợt 2","Đợt 3"))) -> Đợt 1 | X18: =IF(K18>=4,"LMS + số hóa học liệu",IF(K18=3,"Nâng cấp/thay LMS + số hóa học liệu","Số hóa học liệu, chạy trên LMS sẵn có"))&IF(L18>=4," + mô phỏng","")&IF(M18>=4," + ngoại ngữ","") -> LMS + số hóa học liệu + mô phỏng + ngoại ngữ | Y18: Chưa xác minh tên/cơ sở | Z18: C1=5: chưa có LMS (theo file) | C2=4: khớp: y tế, lab khoa học | C3=4: điều dưỡng/y tế: nhu cầu tiếng Nhật/Đức/Anh để làm việc nước ngoài | C4=4: trường nghề nặng thực hành, học liệu chủ yếu giấy/PDF | C5=3: trung bình/chưa rõ | C6=5: Tư thục (cần xác minh) | C7=2: Không có sự kiện riêng; chỉ có động lực chính sách chung | C8=1: chưa có quan hệ (tự cập nhật) | C9=5: Vùng 1 | C10=3: số hóa trung bình | C11=3: trường trong mạng lưới | AB18: cdyduochanoi.edu.vn | AC18: File gốc #8
A19: =RANK(V19,$V$5:$V$101) -> 13 | B19: Trường ĐH Thủy lợi | C19: Đại học | D19: Công lập – Bộ NN&MT | E19: 2 | G19: Xây dựng, cơ khí, điện, môi trường | H19: Cần khảo sát (chưa rõ, giả định có LMS/Moodle cơ bản) | I19: Cần khảo sát | J19: Đề án 2371 | K19: 3 | L19: 5 | M19: 4 | N19: 4 | O19: 5 | P19: 3 | Q19: 3 | R19: 1 | S19: =IF(E19="Ngoài HN",1,IF(E19="","",6-VALUE(E19))) -> 4 | T19: 4 | U19: 4 | V19: =ROUND(SUMPRODUCT(K19:U19,$K$3:$U$3)/(5*SUM($K$3:$U$3))*100,1) -> 70 | W19: =IF(E19="Ngoài HN","Đợt 4 – Ngoài HN",IF(V19>='Trọng số'!$C$19,"Đợt 1",IF(V19>='Trọng số'!$C$20,"Đợt 2","Đợt 3"))) -> Đợt 1 | X19: =IF(K19>=4,"LMS + số hóa học liệu",IF(K19=3,"Nâng cấp/thay LMS + số hóa học liệu","Số hóa học liệu, chạy trên LMS sẵn có"))&IF(L19>=4," + mô phỏng","")&IF(M19>=4," + ngoại ngữ","") -> Nâng cấp/thay LMS + số hóa học liệu + mô phỏng + ngoại ngữ | Y19: Ước lượng – LMS/quy mô cần khảo sát | Z19: C1=3: chưa rõ, giả định có LMS/Moodle cơ bản | C2=5: khớp: điện–điện tử, cơ khí/ô tô/thiết bị, lab khoa học | C3=4: Đề án 2371 + chuẩn đầu ra tiếng Anh ĐH | C4=4: khối lượng giáo trình lớn | C5=5: rất lớn | C6=3: Công lập – Bộ NN&MT | C7=3: Đề án 2371 | C8=1: chưa có quan hệ (tự cập nhật) | C9=4: Vùng 2 (ước lượng) | C10=4: hạ tầng khá | C11=4: uy tín trong khối ngành | AC19: Bổ sung
A20: =RANK(V20,$V$5:$V$101) -> 13 | B20: Trường ĐH Dược Hà Nội | C20: Đại học | D20: Công lập – Bộ Y tế | E20: 3 | G20: Dược, hóa dược, công nghệ sinh học | H20: Cần khảo sát (chưa rõ, giả định có LMS/Moodle cơ bản) | I20: Cần khảo sát | J20: Đề án 2371 | K20: 3 | L20: 4 | M20: 4 | N20: 4 | O20: 4 | P20: 4 | Q20: 3 | R20: 1 | S20: =IF(E20="Ngoài HN",1,IF(E20="","",6-VALUE(E20))) -> 3 | T20: 5 | U20: 5 | V20: =ROUND(SUMPRODUCT(K20:U20,$K$3:$U$3)/(5*SUM($K$3:$U$3))*100,1) -> 70 | W20: =IF(E20="Ngoài HN","Đợt 4 – Ngoài HN",IF(V20>='Trọng số'!$C$19,"Đợt 1",IF(V20>='Trọng số'!$C$20,"Đợt 2","Đợt 3"))) -> Đợt 1 | X20: =IF(K20>=4,"LMS + số hóa học liệu",IF(K20=3,"Nâng cấp/thay LMS + số hóa học liệu","Số hóa học liệu, chạy trên LMS sẵn có"))&IF(L20>=4," + mô phỏng","")&IF(M20>=4," + ngoại ngữ","") -> Nâng cấp/thay LMS + số hóa học liệu + mô phỏng + ngoại ngữ | Y20: Ước lượng – LMS/quy mô cần khảo sát | Z20: C1=3: chưa rõ, giả định có LMS/Moodle cơ bản | C2=4: khớp: y tế, lab khoa học | C3=4: Đề án 2371 + chuẩn đầu ra tiếng Anh ĐH | C4=4: khối lượng giáo trình lớn | C5=4: lớn | C6=4: Công lập – Bộ Y tế | C7=3: Đề án 2371 | C8=1: chưa có quan hệ (tự cập nhật) | C9=3: Vùng 3 (ước lượng) | C10=5: hạ tầng CNTT mạnh | C11=5: thương hiệu đầu ngành | AC20: Bổ sung
A21: =RANK(V21,$V$5:$V$101) -> 17 | B21: Học viện Công nghệ Bưu chính Viễn thông (PTIT) | C21: Đại học | D21: Công lập – tự chủ | E21: 1 | G21: Điện tử viễn thông, CNTT, đa phương tiện | H21: Cần khảo sát (nhiều khả năng đã có LMS (giả định)) | I21: Cần khảo sát | J21: Đề án 2371: chuẩn đầu ra tiếng Anh | K21: 2 | L21: 4 | M21: 5 | N21: 3 | O21: 5 | P21: 4 | Q21: 3 | R21: 1 | S21: =IF(E21="Ngoài HN",1,IF(E21="","",6-VALUE(E21))) -> 5 | T21: 5 | U21: 4 | V21: =ROUND(SUMPRODUCT(K21:U21,$K$3:$U$3)/(5*SUM($K$3:$U$3))*100,1) -> 69.8 | W21: =IF(E21="Ngoài HN","Đợt 4 – Ngoài HN",IF(V21>='Trọng số'!$C$19,"Đợt 1",IF(V21>='Trọng số'!$C$20,"Đợt 2","Đợt 3"))) -> Đợt 2 | X21: =IF(K21>=4,"LMS + số hóa học liệu",IF(K21=3,"Nâng cấp/thay LMS + số hóa học liệu","Số hóa học liệu, chạy trên LMS sẵn có"))&IF(L21>=4," + mô phỏng","")&IF(M21>=4," + ngoại ngữ","") -> Số hóa học liệu, chạy trên LMS sẵn có + mô phỏng + ngoại ngữ | Y21: Ước lượng – LMS/quy mô cần khảo sát | Z21: C1=2: nhiều khả năng đã có LMS (giả định) | C2=4: khớp: điện–điện tử | C3=5: Đề án 2371 + chuẩn đầu ra tiếng Anh ĐH | C4=3: đã có một phần học liệu số | C5=5: rất lớn | C6=4: Công lập – tự chủ | C7=3: Đề án 2371: chuẩn đầu ra tiếng Anh | C8=1: chưa có quan hệ (tự cập nhật) | C9=5: Vùng 1 (ước lượng) | C10=5: hạ tầng CNTT mạnh | C11=4: uy tín trong khối ngành | AA21: Mạnh CNTT, có thể tự làm LMS; chào khóa ngoại ngữ + mô phỏng mạch | AC21: Bổ sung
A22: =RANK(V22,$V$5:$V$101) -> 18 | B22: CĐ Y Dược Pasteur Hà Nội (CS Hà Đông) | C22: Cao đẳng | D22: Tư thục | E22: 1 | F22: 4.5 | G22: Dược, Điều dưỡng, Kỹ thuật Xét nghiệm, Hộ sinh | H22: Có E-learning lý thuyết. Đào tạo trực tuyến các học phần cơ sở ngành. | I22: Tốt khâu tuyển sinh. Hệ thống CRM tuyển sinh online phủ sóng toàn quốc. | J22: Không có sự kiện riêng; chỉ có động lực chính sách chung | K22: 3 | L22: 4 | M22: 4 | N22: 4 | O22: 4 | P22: 5 | Q22: 2 | R22: 1 | S22: =IF(E22="Ngoài HN",1,IF(E22="","",6-VALUE(E22))) -> 5 | T22: 5 | U22: 3 | V22: =ROUND(SUMPRODUCT(K22:U22,$K$3:$U$3)/(5*SUM($K$3:$U$3))*100,1) -> 69.6 | W22: =IF(E22="Ngoài HN","Đợt 4 – Ngoài HN",IF(V22>='Trọng số'!$C$19,"Đợt 1",IF(V22>='Trọng số'!$C$20,"Đợt 2","Đợt 3"))) -> Đợt 2 | X22: =IF(K22>=4,"LMS + số hóa học liệu",IF(K22=3,"Nâng cấp/thay LMS + số hóa học liệu","Số hóa học liệu, chạy trên LMS sẵn có"))&IF(L22>=4," + mô phỏng","")&IF(M22>=4," + ngoại ngữ","") -> Nâng cấp/thay LMS + số hóa học liệu + mô phỏng + ngoại ngữ | Y22: Chưa xác minh (file gốc) | Z22: C1=3: có e-learning lý thuyết | C2=4: khớp: y tế, lab khoa học | C3=4: điều dưỡng/y tế: nhu cầu tiếng Nhật/Đức/Anh để làm việc nước ngoài | C4=4: trường nghề nặng thực hành, học liệu chủ yếu giấy/PDF | C5=4: lớn, nhiều ngành | C6=5: Tư thục | C7=2: Không có sự kiện riêng; chỉ có động lực chính sách chung | C8=1: chưa có quan hệ (tự cập nhật) | C9=5: Vùng 1 | C10=5: đã số hóa quản lý tốt | C11=3: trường trong mạng lưới | AB22: caodangyduocpasteur.com.vn | AC22: File gốc #6
A23: =RANK(V23,$V$5:$V$101) -> 18 | B23: CĐ Ngoại ngữ và Công nghệ Việt Nam | C23: Cao đẳng | D23: Tư thục | E23: 3 | F23: 14 | G23: Kỹ thuật chế biến, Công nghệ Ô tô, CNTT, Kỹ thuật điện | H23: Chưa có LMS thực hành. Đang sử dụng các phần mềm họp trực tuyến bổ trợ. | I23: Trung bình. Hệ thống tuyển sinh online khá năng động qua landing page và mạng xã hội. | J23: Không có sự kiện riêng; chỉ có động lực chính sách chung | K23: 5 | L23: 5 | M23: 4 | N23: 4 | O23: 3 | P23: 5 | Q23: 2 | R23: 1 | S23: =IF(E23="Ngoài HN",1,IF(E23="","",6-VALUE(E23))) -> 3 | T23: 3 | U23: 3 | V23: =ROUND(SUMPRODUCT(K23:U23,$K$3:$U$3)/(5*SUM($K$3:$U$3))*100,1) -> 69.6 | W23: =IF(E23="Ngoài HN","Đợt 4 – Ngoài HN",IF(V23>='Trọng số'!$C$19,"Đợt 1",IF(V23>='Trọng số'!$C$20,"Đợt 2","Đợt 3"))) -> Đợt 2 | X23: =IF(K23>=4,"LMS + số hóa học liệu",IF(K23=3,"Nâng cấp/thay LMS + số hóa học liệu","Số hóa học liệu, chạy trên LMS sẵn có"))&IF(L23>=4," + mô phỏng","")&IF(M23>=4," + ngoại ngữ","") -> LMS + số hóa học liệu + mô phỏng + ngoại ngữ | Y23: Chưa xác minh (file gốc) | Z23: C1=5: chưa có LMS (theo file) | C2=5: khớp: điện–điện tử, cơ khí/ô tô/thiết bị, lab khoa học | C3=4: trường có thế mạnh ngoại ngữ, có thể là đối thủ ở mảng khóa ngoại ngữ | C4=4: trường nghề nặng thực hành, học liệu chủ yếu giấy/PDF | C5=3: trung bình/chưa rõ | C6=5: Tư thục | C7=2: Không có sự kiện riêng; chỉ có động lực chính sách chung | C8=1: chưa có quan hệ (tự cập nhật) | C9=3: Vùng 3 | C10=3: số hóa trung bình | C11=3: trường trong mạng lưới | AB23: caodangngoaingu.vn | AC23: File gốc #37
A24: =RANK(V24,$V$5:$V$101) -> 20 | B24: CĐ Dược Hà Nội (Cơ sở Hà Đông) | C24: Cao đẳng | D24: Tư thục (cần xác minh) | E24: 1 | F24: 4.8 | G24: Kỹ thuật Dược, Điều dưỡng, Kỹ thuật Vật lý trị liệu | H24: LMS mức cơ bản. Dùng hệ thống E-learning để trả bài kiểm tra trắc nghiệm. | I24: Khá. Quản lý dữ liệu sinh viên và đóng học phí trực tuyến qua cổng web. | J24: Không có sự kiện riêng; chỉ có động lực chính sách chung | K24: 4 | L24: 4 | M24: 4 | N24: 4 | O24: 3 | P24: 5 | Q24: 2 | R24: 1 | S24: =IF(E24="Ngoài HN",1,IF(E24="","",6-VALUE(E24))) -> 5 | T24: 4 | U24: 3 | V24: =ROUND(SUMPRODUCT(K24:U24,$K$3:$U$3)/(5*SUM($K$3:$U$3))*100,1) -> 69 | W24: =IF(E24="Ngoài HN","Đợt 4 – Ngoài HN",IF(V24>='Trọng số'!$C$19,"Đợt 1",IF(V24>='Trọng số'!$C$20,"Đợt 2","Đợt 3"))) -> Đợt 2 | X24: =IF(K24>=4,"LMS + số hóa học liệu",IF(K24=3,"Nâng cấp/thay LMS + số hóa học liệu","Số hóa học liệu, chạy trên LMS sẵn có"))&IF(L24>=4," + mô phỏng","")&IF(M24>=4," + ngoại ngữ","") -> LMS + số hóa học liệu + mô phỏng + ngoại ngữ | Y24: Chưa xác minh tên/cơ sở | Z24: C1=4: LMS mức cơ bản | C2=4: khớp: y tế, lab khoa học | C3=4: điều dưỡng/y tế: nhu cầu tiếng Nhật/Đức/Anh để làm việc nước ngoài | C4=4: trường nghề nặng thực hành, học liệu chủ yếu giấy/PDF | C5=3: trung bình/chưa rõ | C6=5: Tư thục (cần xác minh) | C7=2: Không có sự kiện riêng; chỉ có động lực chính sách chung | C8=1: chưa có quan hệ (tự cập nhật) | C9=5: Vùng 1 | C10=4: số hóa quản lý khá | C11=3: trường trong mạng lưới | AB24: duochanoi.edu.vn | AC24: File gốc #7
A25: =RANK(V25,$V$5:$V$101) -> 20 | B25: Trường ĐH Thăng Long | C25: Đại học | D25: Tư thục | E25: 2 | G25: Điều dưỡng, y tế công cộng, CNTT, ngôn ngữ | H25: Cần khảo sát (chưa rõ, giả định có LMS/Moodle cơ bản) | I25: Cần khảo sát | J25: Đề án 2371 | K25: 3 | L25: 4 | M25: 4 | N25: 4 | O25: 4 | P25: 5 | Q25: 3 | R25: 1 | S25: =IF(E25="Ngoài HN",1,IF(E25="","",6-VALUE(E25))) -> 4 | T25: 4 | U25: 3 | V25: =ROUND(SUMPRODUCT(K25:U25,$K$3:$U$3)/(5*SUM($K$3:$U$3))*100,1) -> 69 | W25: =IF(E25="Ngoài HN","Đợt 4 – Ngoài HN",IF(V25>='Trọng số'!$C$19,"Đợt 1",IF(V25>='Trọng số'!$C$20,"Đợt 2","Đợt 3"))) -> Đợt 2 | X25: =IF(K25>=4,"LMS + số hóa học liệu",IF(K25=3,"Nâng cấp/thay LMS + số hóa học liệu","Số hóa học liệu, chạy trên LMS sẵn có"))&IF(L25>=4," + mô phỏng","")&IF(M25>=4," + ngoại ngữ","") -> Nâng cấp/thay LMS + số hóa học liệu + mô phỏng + ngoại ngữ | Y25: Ước lượng – LMS/quy mô cần khảo sát | Z25: C1=3: chưa rõ, giả định có LMS/Moodle cơ bản | C2=4: khớp: y tế | C3=4: Đề án 2371 + chuẩn đầu ra tiếng Anh ĐH | C4=4: khối lượng giáo trình lớn | C5=4: lớn | C6=5: Tư thục | C7=3: Đề án 2371 | C8=1: chưa có quan hệ (tự cập nhật) | C9=4: Vùng 2 (ước lượng) | C10=4: hạ tầng khá | C11=3: trường trung bình | AC25: Bổ sung
A26: =RANK(V26,$V$5:$V$101) -> 20 | B26: Trường ĐH Mở Hà Nội | C26: Đại học | D26: Công lập – Bộ GD&ĐT | E26: 2 | G26: Đào tạo từ xa/trực tuyến, ngôn ngữ, CNTT, điện tử | H26: Cần khảo sát (nhiều khả năng đã có LMS (giả định)) | I26: Cần khảo sát | J26: Đề án 2371 | K26: 2 | L26: 3 | M26: 4 | N26: 5 | O26: 5 | P26: 4 | Q26: 3 | R26: 1 | S26: =IF(E26="Ngoài HN",1,IF(E26="","",6-VALUE(E26))) -> 4 | T26: 5 | U26: 4 | V26: =ROUND(SUMPRODUCT(K26:U26,$K$3:$U$3)/(5*SUM($K$3:$U$3))*100,1) -> 69 | W26: =IF(E26="Ngoài HN","Đợt 4 – Ngoài HN",IF(V26>='Trọng số'!$C$19,"Đợt 1",IF(V26>='Trọng số'!$C$20,"Đợt 2","Đợt 3"))) -> Đợt 2 | X26: =IF(K26>=4,"LMS + số hóa học liệu",IF(K26=3,"Nâng cấp/thay LMS + số hóa học liệu","Số hóa học liệu, chạy trên LMS sẵn có"))&IF(L26>=4," + mô phỏng","")&IF(M26>=4," + ngoại ngữ","") -> Số hóa học liệu, chạy trên LMS sẵn có + ngoại ngữ | Y26: Ước lượng – LMS/quy mô cần khảo sát | Z26: C1=2: nhiều khả năng đã có LMS (giả định) | C2=3: khớp: điện–điện tử | C3=4: Đề án 2371 + chuẩn đầu ra tiếng Anh ĐH | C4=5: khối lượng học liệu rất lớn (đào tạo từ xa) | C5=5: rất lớn | C6=4: Công lập – Bộ GD&ĐT | C7=3: Đề án 2371 | C8=1: chưa có quan hệ (tự cập nhật) | C9=4: Vùng 2 (ước lượng) | C10=5: hạ tầng CNTT mạnh | C11=4: uy tín trong khối ngành | AA26: Mạnh đào tạo trực tuyến: vừa là khách hàng số hóa học liệu, vừa có thể là đối thủ/đối tác | AC26: Bổ sung
A27: =RANK(V27,$V$5:$V$101) -> 23 | B27: Trường ĐH Kinh tế – Kỹ thuật Công nghiệp (UNETI) | C27: Đại học | D27: Công lập – Bộ Công Thương | E27: 2 | G27: Điện, điện tử, cơ khí, dệt may, thực phẩm | H27: Cần khảo sát (chưa rõ, giả định có LMS/Moodle cơ bản) | I27: Cần khảo sát | J27: Đề án 2371 | K27: 3 | L27: 5 | M27: 4 | N27: 4 | O27: 5 | P27: 3 | Q27: 3 | R27: 1 | S27: =IF(E27="Ngoài HN",1,IF(E27="","",6-VALUE(E27))) -> 4 | T27: 4 | U27: 3 | V27: =ROUND(SUMPRODUCT(K27:U27,$K$3:$U$3)/(5*SUM($K$3:$U$3))*100,1) -> 68.6 | W27: =IF(E27="Ngoài HN","Đợt 4 – Ngoài HN",IF(V27>='Trọng số'!$C$19,"Đợt 1",IF(V27>='Trọng số'!$C$20,"Đợt 2","Đợt 3"))) -> Đợt 2 | X27: =IF(K27>=4,"LMS + số hóa học liệu",IF(K27=3,"Nâng cấp/thay LMS + số hóa học liệu","Số hóa học liệu, chạy trên LMS sẵn có"))&IF(L27>=4," + mô phỏng","")&IF(M27>=4," + ngoại ngữ","") -> Nâng cấp/thay LMS + số hóa học liệu + mô phỏng + ngoại ngữ | Y27: Ước lượng – LMS/quy mô cần khảo sát | Z27: C1=3: chưa rõ, giả định có LMS/Moodle cơ bản | C2=5: khớp: điện–điện tử, cơ khí/ô tô/thiết bị | C3=4: Đề án 2371 + chuẩn đầu ra tiếng Anh ĐH | C4=4: khối lượng giáo trình lớn | C5=5: rất lớn | C6=3: Công lập – Bộ Công Thương | C7=3: Đề án 2371 | C8=1: chưa có quan hệ (tự cập nhật) | C9=4: Vùng 2 (ước lượng) | C10=4: hạ tầng khá | C11=3: trường trung bình | AC27: Bổ sung
A28: =RANK(V28,$V$5:$V$101) -> 23 | B28: Học viện Nông nghiệp Việt Nam | C28: Đại học | D28: Công lập – tự chủ | E28: 4 | G28: Nông nghiệp, cơ điện, công nghệ sinh học, thú y | H28: Cần khảo sát (nhiều khả năng đã có LMS (giả định)) | I28: Cần khảo sát | J28: Đề án 2371 | K28: 2 | L28: 5 | M28: 4 | N28: 4 | O28: 5 | P28: 4 | Q28: 3 | R28: 1 | S28: =IF(E28="Ngoài HN",1,IF(E28="","",6-VALUE(E28))) -> 2 | T28: 5 | U28: 4 | V28: =ROUND(SUMPRODUCT(K28:U28,$K$3:$U$3)/(5*SUM($K$3:$U$3))*100,1) -> 68.6 | W28: =IF(E28="Ngoài HN","Đợt 4 – Ngoài HN",IF(V28>='Trọng số'!$C$19,"Đợt 1",IF(V28>='Trọng số'!$C$20,"Đợt 2","Đợt 3"))) -> Đợt 2 | X28: =IF(K28>=4,"LMS + số hóa học liệu",IF(K28=3,"Nâng cấp/thay LMS + số hóa học liệu","Số hóa học liệu, chạy trên LMS sẵn có"))&IF(L28>=4," + mô phỏng","")&IF(M28>=4," + ngoại ngữ","") -> Số hóa học liệu, chạy trên LMS sẵn có + mô phỏng + ngoại ngữ | Y28: Ước lượng – LMS/quy mô cần khảo sát | Z28: C1=2: nhiều khả năng đã có LMS (giả định) | C2=5: khớp: điện–điện tử, lab khoa học | C3=4: Đề án 2371 + chuẩn đầu ra tiếng Anh ĐH | C4=4: khối lượng giáo trình lớn | C5=5: rất lớn | C6=4: Công lập – tự chủ | C7=3: Đề án 2371 | C8=1: chưa có quan hệ (tự cập nhật) | C9=2: Vùng 4 (ước lượng) | C10=5: hạ tầng CNTT mạnh | C11=4: uy tín trong khối ngành | AC28: Bổ sung
A29: =RANK(V29,$V$5:$V$101) -> 25 | B29: TT GDNN-GDTX khu vực Hà Đông – Chương Mỹ | C29: TT GDNN-GDTX | D29: Công lập – Sở GD&ĐT Hà Nội | E29: 1 | G29: GDTX cấp THPT (Lý, Hóa, Sinh, Tiếng Anh) + nghề ngắn hạn | H29: Cần khảo sát | I29: Cần khảo sát | J29: Hợp nhất từ nhiều TT (29→14) | K29: 5 | L29: 3 | M29: 3 | N29: 5 | O29: 3 | P29: 2 | Q29: 5 | R29: 1 | S29: =IF(E29="Ngoài HN",1,IF(E29="","",6-VALUE(E29))) -> 5 | T29: 2 | U29: 4 | V29: =ROUND(SUMPRODUCT(K29:U29,$K$3:$U$3)/(5*SUM($K$3:$U$3))*100,1) -> 68.4 | W29: =IF(E29="Ngoài HN","Đợt 4 – Ngoài HN",IF(V29>='Trọng số'!$C$19,"Đợt 1",IF(V29>='Trọng số'!$C$20,"Đợt 2","Đợt 3"))) -> Đợt 2 | X29: =IF(K29>=4,"LMS + số hóa học liệu",IF(K29=3,"Nâng cấp/thay LMS + số hóa học liệu","Số hóa học liệu, chạy trên LMS sẵn có"))&IF(L29>=4," + mô phỏng","")&IF(M29>=4," + ngoại ngữ","") -> LMS + số hóa học liệu | Y29: Đã xác minh danh sách khu vực sáp nhập (KH 292); tên mới chưa công bố | Z29: C1=5: giả định chưa có LMS | C2=3: khớp: lab khoa học (chương trình GDTX THPT) | C3=3: tiếng Anh bắt buộc theo chương trình phổ thông | C4=5: hợp nhất học liệu các TT cũ | C5=3: trung bình | C6=2: Ngân sách qua Sở GD&ĐT, quyết định chậm | C7=5: Hợp nhất từ nhiều TT (29→14) | C8=1: chưa có quan hệ (tự cập nhật) | C9=5: Vùng 1 (ước lượng) | C10=2: giả định sơ khai | C11=4: cùng chủ quản với 13 TT khác: thắng 1 dễ nhân rộng | AA29: Cân nhắc tiếp cận cả cụm qua Sở GD&ĐT thay vì từng TT | AC29: Bổ sung
A30: =RANK(V30,$V$5:$V$101) -> 25 | B30: TT GDNN-GDTX khu vực Hoàng Mai – Thanh Xuân | C30: TT GDNN-GDTX | D30: Công lập – Sở GD&ĐT Hà Nội | E30: 1 | G30: GDTX cấp THPT (Lý, Hóa, Sinh, Tiếng Anh) + nghề ngắn hạn | H30: Cần khảo sát | I30: Cần khảo sát | J30: Hợp nhất từ nhiều TT (29→14) | K30: 5 | L30: 3 | M30: 3 | N30: 5 | O30: 3 | P30: 2 | Q30: 5 | R30: 1 | S30: =IF(E30="Ngoài HN",1,IF(E30="","",6-VALUE(E30))) -> 5 | T30: 2 | U30: 4 | V30: =ROUND(SUMPRODUCT(K30:U30,$K$3:$U$3)/(5*SUM($K$3:$U$3))*100,1) -> 68.4 | W30: =IF(E30="Ngoài HN","Đợt 4 – Ngoài HN",IF(V30>='Trọng số'!$C$19,"Đợt 1",IF(V30>='Trọng số'!$C$20,"Đợt 2","Đợt 3"))) -> Đợt 2 | X30: =IF(K30>=4,"LMS + số hóa học liệu",IF(K30=3,"Nâng cấp/thay LMS + số hóa học liệu","Số hóa học liệu, chạy trên LMS sẵn có"))&IF(L30>=4," + mô phỏng","")&IF(M30>=4," + ngoại ngữ","") -> LMS + số hóa học liệu | Y30: Đã xác minh danh sách khu vực sáp nhập (KH 292); tên mới chưa công bố | Z30: C1=5: giả định chưa có LMS | C2=3: khớp: lab khoa học (chương trình GDTX THPT) | C3=3: tiếng Anh bắt buộc theo chương trình phổ thông | C4=5: hợp nhất học liệu các TT cũ | C5=3: trung bình | C6=2: Ngân sách qua Sở GD&ĐT, quyết định chậm | C7=5: Hợp nhất từ nhiều TT (29→14) | C8=1: chưa có quan hệ (tự cập nhật) | C9=5: Vùng 1 (ước lượng) | C10=2: giả định sơ khai | C11=4: cùng chủ quản với 13 TT khác: thắng 1 dễ nhân rộng | AA30: Cân nhắc tiếp cận cả cụm qua Sở GD&ĐT thay vì từng TT | AC30: Bổ sung
A31: =RANK(V31,$V$5:$V$101) -> 25 | B31: Trường ĐH Giao thông vận tải | C31: Đại học | D31: Công lập – tự chủ | E31: 2 | G31: Cơ khí, ô tô, điện – điện tử, xây dựng | H31: Cần khảo sát (nhiều khả năng đã có LMS (giả định)) | I31: Cần khảo sát | J31: Đề án 2371 | K31: 2 | L31: 4 | M31: 4 | N31: 3 | O31: 5 | P31: 4 | Q31: 3 | R31: 1 | S31: =IF(E31="Ngoài HN",1,IF(E31="","",6-VALUE(E31))) -> 4 | T31: 5 | U31: 5 | V31: =ROUND(SUMPRODUCT(K31:U31,$K$3:$U$3)/(5*SUM($K$3:$U$3))*100,1) -> 68.4 | W31: =IF(E31="Ngoài HN","Đợt 4 – Ngoài HN",IF(V31>='Trọng số'!$C$19,"Đợt 1",IF(V31>='Trọng số'!$C$20,"Đợt 2","Đợt 3"))) -> Đợt 2 | X31: =IF(K31>=4,"LMS + số hóa học liệu",IF(K31=3,"Nâng cấp/thay LMS + số hóa học liệu","Số hóa học liệu, chạy trên LMS sẵn có"))&IF(L31>=4," + mô phỏng","")&IF(M31>=4," + ngoại ngữ","") -> Số hóa học liệu, chạy trên LMS sẵn có + mô phỏng + ngoại ngữ | Y31: Ước lượng – LMS/quy mô cần khảo sát | Z31: C1=2: nhiều khả năng đã có LMS (giả định) | C2=4: khớp: điện–điện tử, cơ khí/ô tô/thiết bị | C3=4: Đề án 2371 + chuẩn đầu ra tiếng Anh ĐH | C4=3: đã có một phần học liệu số | C5=5: rất lớn | C6=4: Công lập – tự chủ | C7=3: Đề án 2371 | C8=1: chưa có quan hệ (tự cập nhật) | C9=4: Vùng 2 (ước lượng) | C10=5: hạ tầng CNTT mạnh | C11=5: thương hiệu đầu ngành | AC31: Bổ sung
A32: =RANK(V32,$V$5:$V$101) -> 25 | B32: Trường ĐH Y Hà Nội | C32: Đại học | D32: Công lập – Bộ Y tế | E32: 2 | G32: Y khoa, điều dưỡng, xét nghiệm | H32: Cần khảo sát (nhiều khả năng đã có LMS (giả định)) | I32: Cần khảo sát | J32: Đề án 2371 | K32: 2 | L32: 4 | M32: 4 | N32: 3 | O32: 5 | P32: 4 | Q32: 3 | R32: 1 | S32: =IF(E32="Ngoài HN",1,IF(E32="","",6-VALUE(E32))) -> 4 | T32: 5 | U32: 5 | V32: =ROUND(SUMPRODUCT(K32:U32,$K$3:$U$3)/(5*SUM($K$3:$U$3))*100,1) -> 68.4 | W32: =IF(E32="Ngoài HN","Đợt 4 – Ngoài HN",IF(V32>='Trọng số'!$C$19,"Đợt 1",IF(V32>='Trọng số'!$C$20,"Đợt 2","Đợt 3"))) -> Đợt 2 | X32: =IF(K32>=4,"LMS + số hóa học liệu",IF(K32=3,"Nâng cấp/thay LMS + số hóa học liệu","Số hóa học liệu, chạy trên LMS sẵn có"))&IF(L32>=4," + mô phỏng","")&IF(M32>=4," + ngoại ngữ","") -> Số hóa học liệu, chạy trên LMS sẵn có + mô phỏng + ngoại ngữ | Y32: Ước lượng – LMS/quy mô cần khảo sát | Z32: C1=2: nhiều khả năng đã có LMS (giả định) | C2=4: khớp: y tế, lab khoa học | C3=4: Đề án 2371 + chuẩn đầu ra tiếng Anh ĐH | C4=3: đã có một phần học liệu số | C5=5: rất lớn | C6=4: Công lập – Bộ Y tế | C7=3: Đề án 2371 | C8=1: chưa có quan hệ (tự cập nhật) | C9=4: Vùng 2 (ước lượng) | C10=5: hạ tầng CNTT mạnh | C11=5: thương hiệu đầu ngành | AA32: Chu kỳ bán dài; ưu tiên khi đã có case trường y khác | AC32: Bổ sung
A33: =RANK(V33,$V$5:$V$101) -> 29 | B33: CĐ Y Hà Nội (HMC) | C33: Cao đẳng | D33: Tư thục | E33: 2 | F33: 8.8 | G33: Điều dưỡng, Chăm sóc sắc đẹp, Dược học | H33: Có LMS trực tuyến. Đào tạo các chứng chỉ ngắn hạn và môn khoa học cơ bản. | I33: Khá. Số hóa dữ liệu tuyển sinh và cổng quản lý quá trình thực tập của sinh viên. | J33: Không có sự kiện riêng; chỉ có động lực chính sách chung | K33: 4 | L33: 4 | M33: 4 | N33: 4 | O33: 3 | P33: 5 | Q33: 2 | R33: 1 | S33: =IF(E33="Ngoài HN",1,IF(E33="","",6-VALUE(E33))) -> 4 | T33: 4 | U33: 3 | V33: =ROUND(SUMPRODUCT(K33:U33,$K$3:$U$3)/(5*SUM($K$3:$U$3))*100,1) -> 67.8 | W33: =IF(E33="Ngoài HN","Đợt 4 – Ngoài HN",IF(V33>='Trọng số'!$C$19,"Đợt 1",IF(V33>='Trọng số'!$C$20,"Đợt 2","Đợt 3"))) -> Đợt 2 | X33: =IF(K33>=4,"LMS + số hóa học liệu",IF(K33=3,"Nâng cấp/thay LMS + số hóa học liệu","Số hóa học liệu, chạy trên LMS sẵn có"))&IF(L33>=4," + mô phỏng","")&IF(M33>=4," + ngoại ngữ","") -> LMS + số hóa học liệu + mô phỏng + ngoại ngữ | Y33: Chưa xác minh (file gốc) | Z33: C1=4: LMS mức cơ bản | C2=4: khớp: y tế, lab khoa học | C3=4: điều dưỡng/y tế: nhu cầu tiếng Nhật/Đức/Anh để làm việc nước ngoài | C4=4: trường nghề nặng thực hành, học liệu chủ yếu giấy/PDF | C5=3: trung bình/chưa rõ | C6=5: Tư thục | C7=2: Không có sự kiện riêng; chỉ có động lực chính sách chung | C8=1: chưa có quan hệ (tự cập nhật) | C9=4: Vùng 2 | C10=4: số hóa quản lý khá | C11=3: trường trong mạng lưới | AB33: cdyhn.edu.vn | AC33: File gốc #19
A34: =RANK(V34,$V$5:$V$101) -> 29 | B34: Trung cấp nghề Tổng hợp Hà Nội | C34: Trung cấp | D34: Công lập – TP Hà Nội | E34: 2 | G34: Nghề kỹ thuật (điện, cơ khí, ô tô…) – cần xác minh | H34: Cần khảo sát | I34: Cần khảo sát | J34: Lập đề án nâng cấp lên CĐ đa ngành (KH 292/KH-UBND) | K34: 5 | L34: 4 | M34: 3 | N34: 5 | O34: 3 | P34: 2 | Q34: 5 | R34: 1 | S34: =IF(E34="Ngoài HN",1,IF(E34="","",6-VALUE(E34))) -> 4 | T34: 2 | U34: 3 | V34: =ROUND(SUMPRODUCT(K34:U34,$K$3:$U$3)/(5*SUM($K$3:$U$3))*100,1) -> 67.8 | W34: =IF(E34="Ngoài HN","Đợt 4 – Ngoài HN",IF(V34>='Trọng số'!$C$19,"Đợt 1",IF(V34>='Trọng số'!$C$20,"Đợt 2","Đợt 3"))) -> Đợt 2 | X34: =IF(K34>=4,"LMS + số hóa học liệu",IF(K34=3,"Nâng cấp/thay LMS + số hóa học liệu","Số hóa học liệu, chạy trên LMS sẵn có"))&IF(L34>=4," + mô phỏng","")&IF(M34>=4," + ngoại ngữ","") -> LMS + số hóa học liệu + mô phỏng | Y34: Đã xác minh trong KH 292; vị trí/ngành cần khảo sát | Z34: C1=5: trường trung cấp, nhiều khả năng chưa có LMS | C2=4: khớp: điện–điện tử, cơ khí (giả định) | C3=3: chuẩn đầu ra chung | C4=5: nâng cấp lên cao đẳng: phải xây chương trình/học liệu mới | C5=3: trung bình | C6=2: Công lập – ngân sách TP | C7=5: Đang lập đề án nâng cấp thành cao đẳng đa ngành | C8=1: chưa có quan hệ (tự cập nhật) | C9=4: Vùng 2 (ước lượng) | C10=2: giả định sơ khai | C11=3: thuộc hệ thống trường của TP | AC34: Bổ sung
A35: =RANK(V35,$V$5:$V$101) -> 29 | B35: Trung cấp nghề Giao thông công chính Hà Nội | C35: Trung cấp | D35: Công lập – TP Hà Nội | E35: 2 | G35: Nghề kỹ thuật (điện, cơ khí, ô tô…) – cần xác minh | H35: Cần khảo sát | I35: Cần khảo sát | J35: Lập đề án nâng cấp lên CĐ đa ngành (KH 292/KH-UBND) | K35: 5 | L35: 4 | M35: 3 | N35: 5 | O35: 3 | P35: 2 | Q35: 5 | R35: 1 | S35: =IF(E35="Ngoài HN",1,IF(E35="","",6-VALUE(E35))) -> 4 | T35: 2 | U35: 3 | V35: =ROUND(SUMPRODUCT(K35:U35,$K$3:$U$3)/(5*SUM($K$3:$U$3))*100,1) -> 67.8 | W35: =IF(E35="Ngoài HN","Đợt 4 – Ngoài HN",IF(V35>='Trọng số'!$C$19,"Đợt 1",IF(V35>='Trọng số'!$C$20,"Đợt 2","Đợt 3"))) -> Đợt 2 | X35: =IF(K35>=4,"LMS + số hóa học liệu",IF(K35=3,"Nâng cấp/thay LMS + số hóa học liệu","Số hóa học liệu, chạy trên LMS sẵn có"))&IF(L35>=4," + mô phỏng","")&IF(M35>=4," + ngoại ngữ","") -> LMS + số hóa học liệu + mô phỏng | Y35: Đã xác minh trong KH 292; vị trí/ngành cần khảo sát | Z35: C1=5: trường trung cấp, nhiều khả năng chưa có LMS | C2=4: khớp: điện–điện tử, cơ khí (giả định) | C3=3: chuẩn đầu ra chung | C4=5: nâng cấp lên cao đẳng: phải xây chương trình/học liệu mới | C5=3: trung bình | C6=2: Công lập – ngân sách TP | C7=5: Đang lập đề án nâng cấp thành cao đẳng đa ngành | C8=1: chưa có quan hệ (tự cập nhật) | C9=4: Vùng 2 (ước lượng) | C10=2: giả định sơ khai | C11=3: thuộc hệ thống trường của TP | AC35: Bổ sung
A36: =RANK(V36,$V$5:$V$101) -> 29 | B36: Trường ĐH Thành Đô | C36: Đại học | D36: Tư thục | E36: 3 | G36: Dược, điều dưỡng, ô tô, điện, ngôn ngữ | H36: Cần khảo sát (chưa rõ, giả định LMS sơ khai) | I36: Cần khảo sát | J36: Đề án 2371 | K36: 4 | L36: 5 | M36: 4 | N36: 4 | O36: 3 | P36: 5 | Q36: 3 | R36: 1 | S36: =IF(E36="Ngoài HN",1,IF(E36="","",6-VALUE(E36))) -> 3 | T36: 3 | U36: 2 | V36: =ROUND(SUMPRODUCT(K36:U36,$K$3:$U$3)/(5*SUM($K$3:$U$3))*100,1) -> 67.8 | W36: =IF(E36="Ngoài HN","Đợt 4 – Ngoài HN",IF(V36>='Trọng số'!$C$19,"Đợt 1",IF(V36>='Trọng số'!$C$20,"Đợt 2","Đợt 3"))) -> Đợt 2 | X36: =IF(K36>=4,"LMS + số hóa học liệu",IF(K36=3,"Nâng cấp/thay LMS + số hóa học liệu","Số hóa học liệu, chạy trên LMS sẵn có"))&IF(L36>=4," + mô phỏng","")&IF(M36>=4," + ngoại ngữ","") -> LMS + số hóa học liệu + mô phỏng + ngoại ngữ | Y36: Ước lượng – LMS/quy mô cần khảo sát | Z36: C1=4: chưa rõ, giả định LMS sơ khai | C2=5: khớp: điện–điện tử, cơ khí/ô tô/thiết bị, y tế, lab khoa học | C3=4: Đề án 2371 + chuẩn đầu ra tiếng Anh ĐH | C4=4: khối lượng giáo trình lớn | C5=3: trung bình | C6=5: Tư thục | C7=3: Đề án 2371 | C8=1: chưa có quan hệ (tự cập nhật) | C9=3: Vùng 3 (ước lượng) | C10=3: hạ tầng trung bình | C11=2: ít giá trị tham chiếu | AC36: Bổ sung
A37: =RANK(V37,$V$5:$V$101) -> 33 | B37: CĐ nghề Bách Khoa Hà Nội (HACTECH) | C37: Cao đẳng | D37: Tư thục | E37: 3 | F37: 11.5 | G37: Điện tử công nghiệp, Cơ điện tử, Vi điều khiển, Ô tô, CNTT | H37: Hệ thống quản trị hồ sơ bài bản: sinhvien.hactech.edu.vn. Quản lý tuyển sinh: hactech.edu.vn/tuyen-sinh. | I37: Đã số hóa hoàn chỉnh. Cơ sở dữ liệu học vụ, điểm số và hồ sơ sinh viên đồng bộ chặt chẽ. | J37: Không có sự kiện riêng; chỉ có động lực chính sách chung | K37: 3 | L37: 5 | M37: 3 | N37: 4 | O37: 4 | P37: 5 | Q37: 2 | R37: 1 | S37: =IF(E37="Ngoài HN",1,IF(E37="","",6-VALUE(E37))) -> 3 | T37: 5 | U37: 3 | V37: =ROUND(SUMPRODUCT(K37:U37,$K$3:$U$3)/(5*SUM($K$3:$U$3))*100,1) -> 67.6 | W37: =IF(E37="Ngoài HN","Đợt 4 – Ngoài HN",IF(V37>='Trọng số'!$C$19,"Đợt 1",IF(V37>='Trọng số'!$C$20,"Đợt 2","Đợt 3"))) -> Đợt 2 | X37: =IF(K37>=4,"LMS + số hóa học liệu",IF(K37=3,"Nâng cấp/thay LMS + số hóa học liệu","Số hóa học liệu, chạy trên LMS sẵn có"))&IF(L37>=4," + mô phỏng","")&IF(M37>=4," + ngoại ngữ","") -> Nâng cấp/thay LMS + số hóa học liệu + mô phỏng | Y37: Chưa xác minh (file gốc) | Z37: C1=3: có e-learning lý thuyết | C2=5: khớp: điện–điện tử, cơ khí/ô tô/thiết bị | C3=3: ngoại ngữ là chuẩn đầu ra chung | C4=4: trường nghề nặng thực hành, học liệu chủ yếu giấy/PDF | C5=4: lớn, nhiều ngành | C6=5: Tư thục | C7=2: Không có sự kiện riêng; chỉ có động lực chính sách chung | C8=1: chưa có quan hệ (tự cập nhật) | C9=3: Vùng 3 | C10=5: đã số hóa quản lý tốt | C11=3: trường trong mạng lưới | AB37: hactech.edu.vn | AC37: File gốc #28
A38: =RANK(V38,$V$5:$V$101) -> 34 | B38: TT GDNN-GDTX khu vực Thanh Trì – Thanh Oai | C38: TT GDNN-GDTX | D38: Công lập – Sở GD&ĐT Hà Nội | E38: 2 | G38: GDTX cấp THPT (Lý, Hóa, Sinh, Tiếng Anh) + nghề ngắn hạn | H38: Cần khảo sát | I38: Cần khảo sát | J38: Hợp nhất từ nhiều TT (29→14); dự kiến chuyển thành trường trung học nghề | K38: 5 | L38: 3 | M38: 3 | N38: 5 | O38: 3 | P38: 2 | Q38: 5 | R38: 1 | S38: =IF(E38="Ngoài HN",1,IF(E38="","",6-VALUE(E38))) -> 4 | T38: 2 | U38: 4 | V38: =ROUND(SUMPRODUCT(K38:U38,$K$3:$U$3)/(5*SUM($K$3:$U$3))*100,1) -> 67.2 | W38: =IF(E38="Ngoài HN","Đợt 4 – Ngoài HN",IF(V38>='Trọng số'!$C$19,"Đợt 1",IF(V38>='Trọng số'!$C$20,"Đợt 2","Đợt 3"))) -> Đợt 2 | X38: =IF(K38>=4,"LMS + số hóa học liệu",IF(K38=3,"Nâng cấp/thay LMS + số hóa học liệu","Số hóa học liệu, chạy trên LMS sẵn có"))&IF(L38>=4," + mô phỏng","")&IF(M38>=4," + ngoại ngữ","") -> LMS + số hóa học liệu | Y38: Đã xác minh danh sách khu vực sáp nhập (KH 292); tên mới chưa công bố | Z38: C1=5: giả định chưa có LMS | C2=3: khớp: lab khoa học (chương trình GDTX THPT) | C3=3: tiếng Anh bắt buộc theo chương trình phổ thông | C4=5: hợp nhất học liệu các TT cũ | C5=3: trung bình | C6=2: Ngân sách qua Sở GD&ĐT, quyết định chậm | C7=5: Hợp nhất từ nhiều TT (29→14); dự kiến chuyển thành trường trung học nghề | C8=1: chưa có quan hệ (tự cập nhật) | C9=4: Vùng 2 (ước lượng) | C10=2: giả định sơ khai | C11=4: cùng chủ quản với 13 TT khác: thắng 1 dễ nhân rộng | AA38: Cân nhắc tiếp cận cả cụm qua Sở GD&ĐT thay vì từng TT | AC38: Bổ sung
A39: =RANK(V39,$V$5:$V$101) -> 34 | B39: TT GDNN-GDTX khu vực Ba Đình – Cầu Giấy – Nam Từ Liêm | C39: TT GDNN-GDTX | D39: Công lập – Sở GD&ĐT Hà Nội | E39: 2 | G39: GDTX cấp THPT (Lý, Hóa, Sinh, Tiếng Anh) + nghề ngắn hạn | H39: Cần khảo sát | I39: Cần khảo sát | J39: Hợp nhất từ nhiều TT (29→14) | K39: 5 | L39: 3 | M39: 3 | N39: 5 | O39: 3 | P39: 2 | Q39: 5 | R39: 1 | S39: =IF(E39="Ngoài HN",1,IF(E39="","",6-VALUE(E39))) -> 4 | T39: 2 | U39: 4 | V39: =ROUND(SUMPRODUCT(K39:U39,$K$3:$U$3)/(5*SUM($K$3:$U$3))*100,1) -> 67.2 | W39: =IF(E39="Ngoài HN","Đợt 4 – Ngoài HN",IF(V39>='Trọng số'!$C$19,"Đợt 1",IF(V39>='Trọng số'!$C$20,"Đợt 2","Đợt 3"))) -> Đợt 2 | X39: =IF(K39>=4,"LMS + số hóa học liệu",IF(K39=3,"Nâng cấp/thay LMS + số hóa học liệu","Số hóa học liệu, chạy trên LMS sẵn có"))&IF(L39>=4," + mô phỏng","")&IF(M39>=4," + ngoại ngữ","") -> LMS + số hóa học liệu | Y39: Đã xác minh danh sách khu vực sáp nhập (KH 292); tên mới chưa công bố | Z39: C1=5: giả định chưa có LMS | C2=3: khớp: lab khoa học (chương trình GDTX THPT) | C3=3: tiếng Anh bắt buộc theo chương trình phổ thông | C4=5: hợp nhất học liệu các TT cũ | C5=3: trung bình | C6=2: Ngân sách qua Sở GD&ĐT, quyết định chậm | C7=5: Hợp nhất từ nhiều TT (29→14) | C8=1: chưa có quan hệ (tự cập nhật) | C9=4: Vùng 2 (ước lượng) | C10=2: giả định sơ khai | C11=4: cùng chủ quản với 13 TT khác: thắng 1 dễ nhân rộng | AA39: Cân nhắc tiếp cận cả cụm qua Sở GD&ĐT thay vì từng TT | AC39: Bổ sung
A40: =RANK(V40,$V$5:$V$101) -> 34 | B40: TT GDNN-GDTX khu vực Hoàn Kiếm (Nguyễn Văn Tố) – Đống Đa – Hai Bà Trưng | C40: TT GDNN-GDTX | D40: Công lập – Sở GD&ĐT Hà Nội | E40: 2 | G40: GDTX cấp THPT (Lý, Hóa, Sinh, Tiếng Anh) + nghề ngắn hạn | H40: Cần khảo sát | I40: Cần khảo sát | J40: Hợp nhất từ nhiều TT (29→14) | K40: 5 | L40: 3 | M40: 3 | N40: 5 | O40: 3 | P40: 2 | Q40: 5 | R40: 1 | S40: =IF(E40="Ngoài HN",1,IF(E40="","",6-VALUE(E40))) -> 4 | T40: 2 | U40: 4 | V40: =ROUND(SUMPRODUCT(K40:U40,$K$3:$U$3)/(5*SUM($K$3:$U$3))*100,1) -> 67.2 | W40: =IF(E40="Ngoài HN","Đợt 4 – Ngoài HN",IF(V40>='Trọng số'!$C$19,"Đợt 1",IF(V40>='Trọng số'!$C$20,"Đợt 2","Đợt 3"))) -> Đợt 2 | X40: =IF(K40>=4,"LMS + số hóa học liệu",IF(K40=3,"Nâng cấp/thay LMS + số hóa học liệu","Số hóa học liệu, chạy trên LMS sẵn có"))&IF(L40>=4," + mô phỏng","")&IF(M40>=4," + ngoại ngữ","") -> LMS + số hóa học liệu | Y40: Đã xác minh danh sách khu vực sáp nhập (KH 292); tên mới chưa công bố | Z40: C1=5: giả định chưa có LMS | C2=3: khớp: lab khoa học (chương trình GDTX THPT) | C3=3: tiếng Anh bắt buộc theo chương trình phổ thông | C4=5: hợp nhất học liệu các TT cũ | C5=3: trung bình | C6=2: Ngân sách qua Sở GD&ĐT, quyết định chậm | C7=5: Hợp nhất từ nhiều TT (29→14) | C8=1: chưa có quan hệ (tự cập nhật) | C9=4: Vùng 2 (ước lượng) | C10=2: giả định sơ khai | C11=4: cùng chủ quản với 13 TT khác: thắng 1 dễ nhân rộng | AA40: Cân nhắc tiếp cận cả cụm qua Sở GD&ĐT thay vì từng TT | AC40: Bổ sung
A41: =RANK(V41,$V$5:$V$101) -> 37 | B41: CĐ Kỹ thuật Trang thiết bị Y tế | C41: Cao đẳng | D41: Công lập – Bộ Y tế | E41: 3 | F41: 11 | G41: Điện tử y sinh, Mạch đo cảm biến, Bảo trì máy y tế | H41: Chưa có LMS thực hành sâu. Mới dùng cổng tin tức và lớp học trực tuyến tạm thời. | I41: Trung bình. Quản lý đào tạo theo quy chuẩn trực thuộc Bộ Y tế. | J41: Không có sự kiện riêng; chỉ có động lực chính sách chung | K41: 5 | L41: 5 | M41: 4 | N41: 4 | O41: 3 | P41: 3 | Q41: 2 | R41: 1 | S41: =IF(E41="Ngoài HN",1,IF(E41="","",6-VALUE(E41))) -> 3 | T41: 3 | U41: 4 | V41: =ROUND(SUMPRODUCT(K41:U41,$K$3:$U$3)/(5*SUM($K$3:$U$3))*100,1) -> 67 | W41: =IF(E41="Ngoài HN","Đợt 4 – Ngoài HN",IF(V41>='Trọng số'!$C$19,"Đợt 1",IF(V41>='Trọng số'!$C$20,"Đợt 2","Đợt 3"))) -> Đợt 2 | X41: =IF(K41>=4,"LMS + số hóa học liệu",IF(K41=3,"Nâng cấp/thay LMS + số hóa học liệu","Số hóa học liệu, chạy trên LMS sẵn có"))&IF(L41>=4," + mô phỏng","")&IF(M41>=4," + ngoại ngữ","") -> LMS + số hóa học liệu + mô phỏng + ngoại ngữ | Y41: Chưa xác minh (file gốc) | Z41: C1=5: chưa có LMS (theo file) | C2=5: khớp: điện–điện tử, cơ khí/ô tô/thiết bị, y tế | C3=4: điều dưỡng/y tế: nhu cầu tiếng Nhật/Đức/Anh để làm việc nước ngoài | C4=4: trường nghề nặng thực hành, học liệu chủ yếu giấy/PDF | C5=3: trung bình/chưa rõ | C6=3: Công lập – Bộ Y tế | C7=2: Không có sự kiện riêng; chỉ có động lực chính sách chung | C8=1: chưa có quan hệ (tự cập nhật) | C9=3: Vùng 3 | C10=3: số hóa trung bình | C11=4: thuộc hệ thống trường của TP/bộ, dễ nhân rộng | AB41: cde.edu.vn | AC41: File gốc #26
A42: =RANK(V42,$V$5:$V$101) -> 37 | B42: CĐ Quốc tế Hà Nội (HIC) | C42: Cao đẳng | D42: Tư thục (cần xác minh) | E42: 3 | F42: 11 | G42: Công nghệ Kỹ thuật Ô tô, Điện - Điện tử, Kỹ thuật Chế biến | H42: Có hệ thống E-learning cơ bản. Chủ yếu phục vụ thi trắc nghiệm học phần đại cương. | I42: Khá. Có phân hệ đăng ký học phần và tiếp nhận hồ sơ nhập học điện tử. | J42: Không có sự kiện riêng; chỉ có động lực chính sách chung | K42: 4 | L42: 5 | M42: 3 | N42: 4 | O42: 3 | P42: 5 | Q42: 2 | R42: 1 | S42: =IF(E42="Ngoài HN",1,IF(E42="","",6-VALUE(E42))) -> 3 | T42: 4 | U42: 3 | V42: =ROUND(SUMPRODUCT(K42:U42,$K$3:$U$3)/(5*SUM($K$3:$U$3))*100,1) -> 67 | W42: =IF(E42="Ngoài HN","Đợt 4 – Ngoài HN",IF(V42>='Trọng số'!$C$19,"Đợt 1",IF(V42>='Trọng số'!$C$20,"Đợt 2","Đợt 3"))) -> Đợt 2 | X42: =IF(K42>=4,"LMS + số hóa học liệu",IF(K42=3,"Nâng cấp/thay LMS + số hóa học liệu","Số hóa học liệu, chạy trên LMS sẵn có"))&IF(L42>=4," + mô phỏng","")&IF(M42>=4," + ngoại ngữ","") -> LMS + số hóa học liệu + mô phỏng | Y42: Chưa xác minh địa chỉ | Z42: C1=4: LMS mức cơ bản | C2=5: khớp: điện–điện tử, cơ khí/ô tô/thiết bị, lab khoa học | C3=3: ngoại ngữ là chuẩn đầu ra chung | C4=4: trường nghề nặng thực hành, học liệu chủ yếu giấy/PDF | C5=3: trung bình/chưa rõ | C6=5: Tư thục (cần xác minh) | C7=2: Không có sự kiện riêng; chỉ có động lực chính sách chung | C8=1: chưa có quan hệ (tự cập nhật) | C9=3: Vùng 3 | C10=4: số hóa quản lý khá | C11=3: trường trong mạng lưới | AB42: caodangquoctehanoi.edu.vn | AC42: File gốc #27
A43: =RANK(V43,$V$5:$V$101) -> 37 | B43: Trường ĐH Hòa Bình | C43: Đại học | D43: Tư thục | E43: 2 | G43: Dược, điều dưỡng, CNTT, kiến trúc | H43: Cần khảo sát (chưa rõ, giả định LMS sơ khai) | I43: Cần khảo sát | J43: Đề án 2371 | K43: 4 | L43: 4 | M43: 4 | N43: 4 | O43: 3 | P43: 5 | Q43: 3 | R43: 1 | S43: =IF(E43="Ngoài HN",1,IF(E43="","",6-VALUE(E43))) -> 4 | T43: 3 | U43: 2 | V43: =ROUND(SUMPRODUCT(K43:U43,$K$3:$U$3)/(5*SUM($K$3:$U$3))*100,1) -> 67 | W43: =IF(E43="Ngoài HN","Đợt 4 – Ngoài HN",IF(V43>='Trọng số'!$C$19,"Đợt 1",IF(V43>='Trọng số'!$C$20,"Đợt 2","Đợt 3"))) -> Đợt 2 | X43: =IF(K43>=4,"LMS + số hóa học liệu",IF(K43=3,"Nâng cấp/thay LMS + số hóa học liệu","Số hóa học liệu, chạy trên LMS sẵn có"))&IF(L43>=4," + mô phỏng","")&IF(M43>=4," + ngoại ngữ","") -> LMS + số hóa học liệu + mô phỏng + ngoại ngữ | Y43: Ước lượng – LMS/quy mô cần khảo sát | Z43: C1=4: chưa rõ, giả định LMS sơ khai | C2=4: khớp: y tế, lab khoa học | C3=4: Đề án 2371 + chuẩn đầu ra tiếng Anh ĐH | C4=4: khối lượng giáo trình lớn | C5=3: trung bình | C6=5: Tư thục | C7=3: Đề án 2371 | C8=1: chưa có quan hệ (tự cập nhật) | C9=4: Vùng 2 (ước lượng) | C10=3: hạ tầng trung bình | C11=2: ít giá trị tham chiếu | AC43: Bổ sung
A44: =RANK(V44,$V$5:$V$101) -> 40 | B44: CĐ Bách Khoa (HPC - CS Cầu Giấy/Mỹ Đình) | C44: Cao đẳng | D44: Tư thục | E44: 2 | F44: 10.5 | G44: Công nghệ Ô tô, Điện tử - Viễn thông, Cơ điện tử, CNTT | H44: Đã có hệ thống E-learning. Đang hỗ trợ đào tạo các lớp học kết hợp (Blended Learning). | I44: Số hóa tốt. Hệ thống tiếp nhận hồ sơ, tra cứu điểm và đóng học phí trực tuyến hoạt động mạnh. | J44: Không có sự kiện riêng; chỉ có động lực chính sách chung | K44: 3 | L44: 4 | M44: 3 | N44: 4 | O44: 4 | P44: 5 | Q44: 2 | R44: 1 | S44: =IF(E44="Ngoài HN",1,IF(E44="","",6-VALUE(E44))) -> 4 | T44: 5 | U44: 3 | V44: =ROUND(SUMPRODUCT(K44:U44,$K$3:$U$3)/(5*SUM($K$3:$U$3))*100,1) -> 66.8 | W44: =IF(E44="Ngoài HN","Đợt 4 – Ngoài HN",IF(V44>='Trọng số'!$C$19,"Đợt 1",IF(V44>='Trọng số'!$C$20,"Đợt 2","Đợt 3"))) -> Đợt 2 | X44: =IF(K44>=4,"LMS + số hóa học liệu",IF(K44=3,"Nâng cấp/thay LMS + số hóa học liệu","Số hóa học liệu, chạy trên LMS sẵn có"))&IF(L44>=4," + mô phỏng","")&IF(M44>=4," + ngoại ngữ","") -> Nâng cấp/thay LMS + số hóa học liệu + mô phỏng | Y44: Chưa xác minh (file gốc) | Z44: C1=3: có e-learning lý thuyết | C2=4: khớp: điện–điện tử, cơ khí/ô tô/thiết bị | C3=3: ngoại ngữ là chuẩn đầu ra chung | C4=4: trường nghề nặng thực hành, học liệu chủ yếu giấy/PDF | C5=4: lớn, nhiều ngành | C6=5: Tư thục | C7=2: Không có sự kiện riêng; chỉ có động lực chính sách chung | C8=1: chưa có quan hệ (tự cập nhật) | C9=4: Vùng 2 | C10=5: đã số hóa quản lý tốt | C11=3: trường trong mạng lưới | AB44: bachkhoahanoi.edu.vn | AC44: File gốc #25
A45: =RANK(V45,$V$5:$V$101) -> 41 | B45: Trường ĐH Thủ đô Hà Nội | C45: Đại học | D45: Công lập – TP Hà Nội | E45: 2 | G45: Sư phạm, ngôn ngữ, công nghệ, khoa học | H45: Cần khảo sát (chưa rõ, giả định có LMS/Moodle cơ bản) | I45: Cần khảo sát | J45: Giữ nguyên đầu mối, định hướng mô hình ĐH ứng dụng (KH 292); BGH bố trí lại 6/10/2026 | K45: 3 | L45: 3 | M45: 4 | N45: 4 | O45: 4 | P45: 3 | Q45: 4 | R45: 1 | S45: =IF(E45="Ngoài HN",1,IF(E45="","",6-VALUE(E45))) -> 4 | T45: 4 | U45: 4 | V45: =ROUND(SUMPRODUCT(K45:U45,$K$3:$U$3)/(5*SUM($K$3:$U$3))*100,1) -> 66.4 | W45: =IF(E45="Ngoài HN","Đợt 4 – Ngoài HN",IF(V45>='Trọng số'!$C$19,"Đợt 1",IF(V45>='Trọng số'!$C$20,"Đợt 2","Đợt 3"))) -> Đợt 2 | X45: =IF(K45>=4,"LMS + số hóa học liệu",IF(K45=3,"Nâng cấp/thay LMS + số hóa học liệu","Số hóa học liệu, chạy trên LMS sẵn có"))&IF(L45>=4," + mô phỏng","")&IF(M45>=4," + ngoại ngữ","") -> Nâng cấp/thay LMS + số hóa học liệu + ngoại ngữ | Y45: Ước lượng – LMS/quy mô cần khảo sát | Z45: C1=3: chưa rõ, giả định có LMS/Moodle cơ bản | C2=3: khớp: lab khoa học | C3=4: Đề án 2371 + chuẩn đầu ra tiếng Anh ĐH | C4=4: khối lượng giáo trình lớn | C5=4: lớn | C6=3: Công lập – TP Hà Nội | C7=4: Giữ nguyên đầu mối, định hướng mô hình ĐH ứng dụng (KH 292); BGH bố trí lại 6/10/2026 | C8=1: chưa có quan hệ (tự cập nhật) | C9=4: Vùng 2 (ước lượng) | C10=4: hạ tầng khá | C11=4: uy tín trong khối ngành | AA45: Hiệu trưởng: Đỗ Hồng Cường (TB 750-TB/TU) | AC45: Bổ sung
A46: =RANK(V46,$V$5:$V$101) -> 41 | B46: Trường ĐH Sư phạm Hà Nội | C46: Đại học | D46: Công lập – Bộ GD&ĐT | E46: 2 | G46: Sư phạm, khoa học tự nhiên, ngôn ngữ | H46: Cần khảo sát (nhiều khả năng đã có LMS (giả định)) | I46: Cần khảo sát | J46: Đề án 2371 (đào tạo giáo viên dạy bằng tiếng Anh) | K46: 2 | L46: 3 | M46: 4 | N46: 4 | O46: 5 | P46: 3 | Q46: 3 | R46: 1 | S46: =IF(E46="Ngoài HN",1,IF(E46="","",6-VALUE(E46))) -> 4 | T46: 5 | U46: 5 | V46: =ROUND(SUMPRODUCT(K46:U46,$K$3:$U$3)/(5*SUM($K$3:$U$3))*100,1) -> 66.4 | W46: =IF(E46="Ngoài HN","Đợt 4 – Ngoài HN",IF(V46>='Trọng số'!$C$19,"Đợt 1",IF(V46>='Trọng số'!$C$20,"Đợt 2","Đợt 3"))) -> Đợt 2 | X46: =IF(K46>=4,"LMS + số hóa học liệu",IF(K46=3,"Nâng cấp/thay LMS + số hóa học liệu","Số hóa học liệu, chạy trên LMS sẵn có"))&IF(L46>=4," + mô phỏng","")&IF(M46>=4," + ngoại ngữ","") -> Số hóa học liệu, chạy trên LMS sẵn có + ngoại ngữ | Y46: Ước lượng – LMS/quy mô cần khảo sát | Z46: C1=2: nhiều khả năng đã có LMS (giả định) | C2=3: khớp: lab khoa học | C3=4: Đề án 2371 + chuẩn đầu ra tiếng Anh ĐH | C4=4: khối lượng giáo trình lớn | C5=5: rất lớn | C6=3: Công lập – Bộ GD&ĐT | C7=3: Đề án 2371 (đào tạo giáo viên dạy bằng tiếng Anh) | C8=1: chưa có quan hệ (tự cập nhật) | C9=4: Vùng 2 (ước lượng) | C10=5: hạ tầng CNTT mạnh | C11=5: thương hiệu đầu ngành | AC46: Bổ sung
A47: =RANK(V47,$V$5:$V$101) -> 43 | B47: CĐ Đại Việt Hà Nội | C47: Cao đẳng | D47: Tư thục | E47: 2 | F47: 6 | G47: Công nghệ Ô tô, Điện tử viễn thông, Cơ điện tử, CNTT | H47: Có LMS cơ bản. Triển khai giảng dạy trực tuyến hỗ trợ các môn học lý thuyết. | I47: Khá. Có cổng thông tin tra cứu điểm và nộp học phí trực tuyến. | J47: Không có sự kiện riêng; chỉ có động lực chính sách chung | K47: 4 | L47: 4 | M47: 3 | N47: 4 | O47: 3 | P47: 5 | Q47: 2 | R47: 1 | S47: =IF(E47="Ngoài HN",1,IF(E47="","",6-VALUE(E47))) -> 4 | T47: 4 | U47: 3 | V47: =ROUND(SUMPRODUCT(K47:U47,$K$3:$U$3)/(5*SUM($K$3:$U$3))*100,1) -> 66.2 | W47: =IF(E47="Ngoài HN","Đợt 4 – Ngoài HN",IF(V47>='Trọng số'!$C$19,"Đợt 1",IF(V47>='Trọng số'!$C$20,"Đợt 2","Đợt 3"))) -> Đợt 2 | X47: =IF(K47>=4,"LMS + số hóa học liệu",IF(K47=3,"Nâng cấp/thay LMS + số hóa học liệu","Số hóa học liệu, chạy trên LMS sẵn có"))&IF(L47>=4," + mô phỏng","")&IF(M47>=4," + ngoại ngữ","") -> LMS + số hóa học liệu + mô phỏng | Y47: Chưa xác minh (file gốc) | Z47: C1=4: LMS mức cơ bản | C2=4: khớp: điện–điện tử, cơ khí/ô tô/thiết bị | C3=3: ngoại ngữ là chuẩn đầu ra chung | C4=4: trường nghề nặng thực hành, học liệu chủ yếu giấy/PDF | C5=3: trung bình/chưa rõ | C6=5: Tư thục | C7=2: Không có sự kiện riêng; chỉ có động lực chính sách chung | C8=1: chưa có quan hệ (tự cập nhật) | C9=4: Vùng 2 | C10=4: số hóa quản lý khá | C11=3: trường trong mạng lưới | AB47: daiviet.edu.vn | AC47: File gốc #12
A48: =RANK(V48,$V$5:$V$101) -> 43 | B48: Học viện Y Dược học cổ truyền Việt Nam | C48: Đại học | D48: Công lập – Bộ Y tế | E48: 1 | G48: Y học cổ truyền, dược, điều dưỡng | H48: Cần khảo sát (chưa rõ, giả định có LMS/Moodle cơ bản) | I48: Cần khảo sát | J48: Đề án 2371 | K48: 3 | L48: 4 | M48: 4 | N48: 4 | O48: 4 | P48: 3 | Q48: 3 | R48: 1 | S48: =IF(E48="Ngoài HN",1,IF(E48="","",6-VALUE(E48))) -> 5 | T48: 4 | U48: 3 | V48: =ROUND(SUMPRODUCT(K48:U48,$K$3:$U$3)/(5*SUM($K$3:$U$3))*100,1) -> 66.2 | W48: =IF(E48="Ngoài HN","Đợt 4 – Ngoài HN",IF(V48>='Trọng số'!$C$19,"Đợt 1",IF(V48>='Trọng số'!$C$20,"Đợt 2","Đợt 3"))) -> Đợt 2 | X48: =IF(K48>=4,"LMS + số hóa học liệu",IF(K48=3,"Nâng cấp/thay LMS + số hóa học liệu","Số hóa học liệu, chạy trên LMS sẵn có"))&IF(L48>=4," + mô phỏng","")&IF(M48>=4," + ngoại ngữ","") -> Nâng cấp/thay LMS + số hóa học liệu + mô phỏng + ngoại ngữ | Y48: Ước lượng – LMS/quy mô cần khảo sát | Z48: C1=3: chưa rõ, giả định có LMS/Moodle cơ bản | C2=4: khớp: y tế, lab khoa học | C3=4: Đề án 2371 + chuẩn đầu ra tiếng Anh ĐH | C4=4: khối lượng giáo trình lớn | C5=4: lớn | C6=3: Công lập – Bộ Y tế | C7=3: Đề án 2371 | C8=1: chưa có quan hệ (tự cập nhật) | C9=5: Vùng 1 (ước lượng) | C10=4: hạ tầng khá | C11=3: trường trung bình | AC48: Bổ sung
A49: =RANK(V49,$V$5:$V$101) -> 43 | B49: Trường ĐH Công nghệ Giao thông vận tải (UTT) | C49: Đại học | D49: Công lập – Bộ Xây dựng | E49: 1 | G49: Ô tô, cơ khí, điện – điện tử, xây dựng | H49: Cần khảo sát (chưa rõ, giả định có LMS/Moodle cơ bản) | I49: Cần khảo sát | J49: Đề án 2371 | K49: 3 | L49: 4 | M49: 4 | N49: 4 | O49: 4 | P49: 3 | Q49: 3 | R49: 1 | S49: =IF(E49="Ngoài HN",1,IF(E49="","",6-VALUE(E49))) -> 5 | T49: 4 | U49: 3 | V49: =ROUND(SUMPRODUCT(K49:U49,$K$3:$U$3)/(5*SUM($K$3:$U$3))*100,1) -> 66.2 | W49: =IF(E49="Ngoài HN","Đợt 4 – Ngoài HN",IF(V49>='Trọng số'!$C$19,"Đợt 1",IF(V49>='Trọng số'!$C$20,"Đợt 2","Đợt 3"))) -> Đợt 2 | X49: =IF(K49>=4,"LMS + số hóa học liệu",IF(K49=3,"Nâng cấp/thay LMS + số hóa học liệu","Số hóa học liệu, chạy trên LMS sẵn có"))&IF(L49>=4," + mô phỏng","")&IF(M49>=4," + ngoại ngữ","") -> Nâng cấp/thay LMS + số hóa học liệu + mô phỏng + ngoại ngữ | Y49: Ước lượng – LMS/quy mô cần khảo sát | Z49: C1=3: chưa rõ, giả định có LMS/Moodle cơ bản | C2=4: khớp: điện–điện tử, cơ khí/ô tô/thiết bị | C3=4: Đề án 2371 + chuẩn đầu ra tiếng Anh ĐH | C4=4: khối lượng giáo trình lớn | C5=4: lớn | C6=3: Công lập – Bộ Xây dựng | C7=3: Đề án 2371 | C8=1: chưa có quan hệ (tự cập nhật) | C9=5: Vùng 1 (ước lượng) | C10=4: hạ tầng khá | C11=3: trường trung bình | AC49: Bổ sung
A50: =RANK(V50,$V$5:$V$101) -> 46 | B50: TT GDNN-GDTX khu vực Hoài Đức – Đan Phượng | C50: TT GDNN-GDTX | D50: Công lập – Sở GD&ĐT Hà Nội | E50: 3 | G50: GDTX cấp THPT (Lý, Hóa, Sinh, Tiếng Anh) + nghề ngắn hạn | H50: Cần khảo sát | I50: Cần khảo sát | J50: Hợp nhất từ nhiều TT (29→14) | K50: 5 | L50: 3 | M50: 3 | N50: 5 | O50: 3 | P50: 2 | Q50: 5 | R50: 1 | S50: =IF(E50="Ngoài HN",1,IF(E50="","",6-VALUE(E50))) -> 3 | T50: 2 | U50: 4 | V50: =ROUND(SUMPRODUCT(K50:U50,$K$3:$U$3)/(5*SUM($K$3:$U$3))*100,1) -> 66 | W50: =IF(E50="Ngoài HN","Đợt 4 – Ngoài HN",IF(V50>='Trọng số'!$C$19,"Đợt 1",IF(V50>='Trọng số'!$C$20,"Đợt 2","Đợt 3"))) -> Đợt 2 | X50: =IF(K50>=4,"LMS + số hóa học liệu",IF(K50=3,"Nâng cấp/thay LMS + số hóa học liệu","Số hóa học liệu, chạy trên LMS sẵn có"))&IF(L50>=4," + mô phỏng","")&IF(M50>=4," + ngoại ngữ","") -> LMS + số hóa học liệu | Y50: Đã xác minh danh sách khu vực sáp nhập (KH 292); tên mới chưa công bố | Z50: C1=5: giả định chưa có LMS | C2=3: khớp: lab khoa học (chương trình GDTX THPT) | C3=3: tiếng Anh bắt buộc theo chương trình phổ thông | C4=5: hợp nhất học liệu các TT cũ | C5=3: trung bình | C6=2: Ngân sách qua Sở GD&ĐT, quyết định chậm | C7=5: Hợp nhất từ nhiều TT (29→14) | C8=1: chưa có quan hệ (tự cập nhật) | C9=3: Vùng 3 (ước lượng) | C10=2: giả định sơ khai | C11=4: cùng chủ quản với 13 TT khác: thắng 1 dễ nhân rộng | AA50: Cân nhắc tiếp cận cả cụm qua Sở GD&ĐT thay vì từng TT | AC50: Bổ sung
A51: =RANK(V51,$V$5:$V$101) -> 46 | B51: TT GDNN-GDTX khu vực Phú Xuyên – Thường Tín | C51: TT GDNN-GDTX | D51: Công lập – Sở GD&ĐT Hà Nội | E51: 3 | G51: GDTX cấp THPT (Lý, Hóa, Sinh, Tiếng Anh) + nghề ngắn hạn | H51: Cần khảo sát | I51: Cần khảo sát | J51: Hợp nhất từ nhiều TT (29→14); dự kiến chuyển thành trường trung học nghề | K51: 5 | L51: 3 | M51: 3 | N51: 5 | O51: 3 | P51: 2 | Q51: 5 | R51: 1 | S51: =IF(E51="Ngoài HN",1,IF(E51="","",6-VALUE(E51))) -> 3 | T51: 2 | U51: 4 | V51: =ROUND(SUMPRODUCT(K51:U51,$K$3:$U$3)/(5*SUM($K$3:$U$3))*100,1) -> 66 | W51: =IF(E51="Ngoài HN","Đợt 4 – Ngoài HN",IF(V51>='Trọng số'!$C$19,"Đợt 1",IF(V51>='Trọng số'!$C$20,"Đợt 2","Đợt 3"))) -> Đợt 2 | X51: =IF(K51>=4,"LMS + số hóa học liệu",IF(K51=3,"Nâng cấp/thay LMS + số hóa học liệu","Số hóa học liệu, chạy trên LMS sẵn có"))&IF(L51>=4," + mô phỏng","")&IF(M51>=4," + ngoại ngữ","") -> LMS + số hóa học liệu | Y51: Đã xác minh danh sách khu vực sáp nhập (KH 292); tên mới chưa công bố | Z51: C1=5: giả định chưa có LMS | C2=3: khớp: lab khoa học (chương trình GDTX THPT) | C3=3: tiếng Anh bắt buộc theo chương trình phổ thông | C4=5: hợp nhất học liệu các TT cũ | C5=3: trung bình | C6=2: Ngân sách qua Sở GD&ĐT, quyết định chậm | C7=5: Hợp nhất từ nhiều TT (29→14); dự kiến chuyển thành trường trung học nghề | C8=1: chưa có quan hệ (tự cập nhật) | C9=3: Vùng 3 (ước lượng) | C10=2: giả định sơ khai | C11=4: cùng chủ quản với 13 TT khác: thắng 1 dễ nhân rộng | AA51: Cân nhắc tiếp cận cả cụm qua Sở GD&ĐT thay vì từng TT | AC51: Bổ sung
A52: =RANK(V52,$V$5:$V$101) -> 46 | B52: TT GDNN-GDTX khu vực Gia Lâm – Long Biên | C52: TT GDNN-GDTX | D52: Công lập – Sở GD&ĐT Hà Nội | E52: 3 | G52: GDTX cấp THPT (Lý, Hóa, Sinh, Tiếng Anh) + nghề ngắn hạn | H52: Cần khảo sát | I52: Cần khảo sát | J52: Hợp nhất từ nhiều TT (29→14) | K52: 5 | L52: 3 | M52: 3 | N52: 5 | O52: 3 | P52: 2 | Q52: 5 | R52: 1 | S52: =IF(E52="Ngoài HN",1,IF(E52="","",6-VALUE(E52))) -> 3 | T52: 2 | U52: 4 | V52: =ROUND(SUMPRODUCT(K52:U52,$K$3:$U$3)/(5*SUM($K$3:$U$3))*100,1) -> 66 | W52: =IF(E52="Ngoài HN","Đợt 4 – Ngoài HN",IF(V52>='Trọng số'!$C$19,"Đợt 1",IF(V52>='Trọng số'!$C$20,"Đợt 2","Đợt 3"))) -> Đợt 2 | X52: =IF(K52>=4,"LMS + số hóa học liệu",IF(K52=3,"Nâng cấp/thay LMS + số hóa học liệu","Số hóa học liệu, chạy trên LMS sẵn có"))&IF(L52>=4," + mô phỏng","")&IF(M52>=4," + ngoại ngữ","") -> LMS + số hóa học liệu | Y52: Đã xác minh danh sách khu vực sáp nhập (KH 292); tên mới chưa công bố | Z52: C1=5: giả định chưa có LMS | C2=3: khớp: lab khoa học (chương trình GDTX THPT) | C3=3: tiếng Anh bắt buộc theo chương trình phổ thông | C4=5: hợp nhất học liệu các TT cũ | C5=3: trung bình | C6=2: Ngân sách qua Sở GD&ĐT, quyết định chậm | C7=5: Hợp nhất từ nhiều TT (29→14) | C8=1: chưa có quan hệ (tự cập nhật) | C9=3: Vùng 3 (ước lượng) | C10=2: giả định sơ khai | C11=4: cùng chủ quản với 13 TT khác: thắng 1 dễ nhân rộng | AA52: Cân nhắc tiếp cận cả cụm qua Sở GD&ĐT thay vì từng TT | AC52: Bổ sung
A53: =RANK(V53,$V$5:$V$101) -> 46 | B53: TT GDNN-GDTX khu vực Đông Anh – Tây Hồ | C53: TT GDNN-GDTX | D53: Công lập – Sở GD&ĐT Hà Nội | E53: 3 | G53: GDTX cấp THPT (Lý, Hóa, Sinh, Tiếng Anh) + nghề ngắn hạn | H53: Cần khảo sát | I53: Cần khảo sát | J53: Hợp nhất từ nhiều TT (29→14) | K53: 5 | L53: 3 | M53: 3 | N53: 5 | O53: 3 | P53: 2 | Q53: 5 | R53: 1 | S53: =IF(E53="Ngoài HN",1,IF(E53="","",6-VALUE(E53))) -> 3 | T53: 2 | U53: 4 | V53: =ROUND(SUMPRODUCT(K53:U53,$K$3:$U$3)/(5*SUM($K$3:$U$3))*100,1) -> 66 | W53: =IF(E53="Ngoài HN","Đợt 4 – Ngoài HN",IF(V53>='Trọng số'!$C$19,"Đợt 1",IF(V53>='Trọng số'!$C$20,"Đợt 2","Đợt 3"))) -> Đợt 2 | X53: =IF(K53>=4,"LMS + số hóa học liệu",IF(K53=3,"Nâng cấp/thay LMS + số hóa học liệu","Số hóa học liệu, chạy trên LMS sẵn có"))&IF(L53>=4," + mô phỏng","")&IF(M53>=4," + ngoại ngữ","") -> LMS + số hóa học liệu | Y53: Đã xác minh danh sách khu vực sáp nhập (KH 292); tên mới chưa công bố | Z53: C1=5: giả định chưa có LMS | C2=3: khớp: lab khoa học (chương trình GDTX THPT) | C3=3: tiếng Anh bắt buộc theo chương trình phổ thông | C4=5: hợp nhất học liệu các TT cũ | C5=3: trung bình | C6=2: Ngân sách qua Sở GD&ĐT, quyết định chậm | C7=5: Hợp nhất từ nhiều TT (29→14) | C8=1: chưa có quan hệ (tự cập nhật) | C9=3: Vùng 3 (ước lượng) | C10=2: giả định sơ khai | C11=4: cùng chủ quản với 13 TT khác: thắng 1 dễ nhân rộng | AA53: Cân nhắc tiếp cận cả cụm qua Sở GD&ĐT thay vì từng TT | AC53: Bổ sung
A54: =RANK(V54,$V$5:$V$101) -> 50 | B54: Trường ĐH Mỏ – Địa chất | C54: Đại học | D54: Công lập | E54: 3 | G54: Mỏ, địa chất, cơ điện, trắc địa, môi trường | H54: Cần khảo sát (chưa rõ, giả định có LMS/Moodle cơ bản) | I54: Cần khảo sát | J54: Đề án 2371 | K54: 3 | L54: 5 | M54: 4 | N54: 4 | O54: 4 | P54: 3 | Q54: 3 | R54: 1 | S54: =IF(E54="Ngoài HN",1,IF(E54="","",6-VALUE(E54))) -> 3 | T54: 4 | U54: 3 | V54: =ROUND(SUMPRODUCT(K54:U54,$K$3:$U$3)/(5*SUM($K$3:$U$3))*100,1) -> 65.8 | W54: =IF(E54="Ngoài HN","Đợt 4 – Ngoài HN",IF(V54>='Trọng số'!$C$19,"Đợt 1",IF(V54>='Trọng số'!$C$20,"Đợt 2","Đợt 3"))) -> Đợt 2 | X54: =IF(K54>=4,"LMS + số hóa học liệu",IF(K54=3,"Nâng cấp/thay LMS + số hóa học liệu","Số hóa học liệu, chạy trên LMS sẵn có"))&IF(L54>=4," + mô phỏng","")&IF(M54>=4," + ngoại ngữ","") -> Nâng cấp/thay LMS + số hóa học liệu + mô phỏng + ngoại ngữ | Y54: Ước lượng – LMS/quy mô cần khảo sát | Z54: C1=3: chưa rõ, giả định có LMS/Moodle cơ bản | C2=5: khớp: điện–điện tử, cơ khí/ô tô/thiết bị, lab khoa học | C3=4: Đề án 2371 + chuẩn đầu ra tiếng Anh ĐH | C4=4: khối lượng giáo trình lớn | C5=4: lớn | C6=3: Công lập | C7=3: Đề án 2371 | C8=1: chưa có quan hệ (tự cập nhật) | C9=3: Vùng 3 (ước lượng) | C10=4: hạ tầng khá | C11=3: trường trung bình | AC54: Bổ sung
A55: =RANK(V55,$V$5:$V$101) -> 51 | B55: CĐ Y tế Bạch Mai | C55: Cao đẳng | D55: Công lập – Bộ Y tế | E55: 2 | F55: 9.5 | G55: Điều dưỡng lâm sàng, Kỹ thuật hình ảnh y học, Kỹ thuật xét nghiệm | H55: Đã có hệ thống đào tạo liên tục (CME). Cổng E-learning tổ chức cập nhật kiến thức y khoa. | I55: Đã số hóa. Tích hợp cơ sở dữ liệu bệnh viện và quản lý sinh viên thực hành lâm sàng. | J55: Không có sự kiện riêng; chỉ có động lực chính sách chung | K55: 3 | L55: 4 | M55: 4 | N55: 4 | O55: 3 | P55: 3 | Q55: 2 | R55: 1 | S55: =IF(E55="Ngoài HN",1,IF(E55="","",6-VALUE(E55))) -> 4 | T55: 5 | U55: 5 | V55: =ROUND(SUMPRODUCT(K55:U55,$K$3:$U$3)/(5*SUM($K$3:$U$3))*100,1) -> 65.6 | W55: =IF(E55="Ngoài HN","Đợt 4 – Ngoài HN",IF(V55>='Trọng số'!$C$19,"Đợt 1",IF(V55>='Trọng số'!$C$20,"Đợt 2","Đợt 3"))) -> Đợt 2 | X55: =IF(K55>=4,"LMS + số hóa học liệu",IF(K55=3,"Nâng cấp/thay LMS + số hóa học liệu","Số hóa học liệu, chạy trên LMS sẵn có"))&IF(L55>=4," + mô phỏng","")&IF(M55>=4," + ngoại ngữ","") -> Nâng cấp/thay LMS + số hóa học liệu + mô phỏng + ngoại ngữ | Y55: Chưa xác minh (file gốc) | Z55: C1=3: có e-learning lý thuyết | C2=4: khớp: y tế, lab khoa học | C3=4: điều dưỡng/y tế: nhu cầu tiếng Nhật/Đức/Anh để làm việc nước ngoài | C4=4: trường nghề nặng thực hành, học liệu chủ yếu giấy/PDF | C5=3: trung bình/chưa rõ | C6=3: Công lập – Bộ Y tế | C7=2: Không có sự kiện riêng; chỉ có động lực chính sách chung | C8=1: chưa có quan hệ (tự cập nhật) | C9=4: Vùng 2 | C10=5: đã số hóa quản lý tốt | C11=5: đầu tàu ngành | AB55: bmsmc.edu.vn | AC55: File gốc #21
A56: =RANK(V56,$V$5:$V$101) -> 52 | B56: Trường ĐH Điện lực | C56: Đại học | D56: Công lập – Bộ Công Thương | E56: 3 | G56: Điện, điện tử, tự động hóa, năng lượng | H56: Cần khảo sát (chưa rõ, giả định có LMS/Moodle cơ bản) | I56: Cần khảo sát | J56: Đề án 2371 | K56: 3 | L56: 4 | M56: 4 | N56: 4 | O56: 4 | P56: 3 | Q56: 3 | R56: 1 | S56: =IF(E56="Ngoài HN",1,IF(E56="","",6-VALUE(E56))) -> 3 | T56: 4 | U56: 4 | V56: =ROUND(SUMPRODUCT(K56:U56,$K$3:$U$3)/(5*SUM($K$3:$U$3))*100,1) -> 65.2 | W56: =IF(E56="Ngoài HN","Đợt 4 – Ngoài HN",IF(V56>='Trọng số'!$C$19,"Đợt 1",IF(V56>='Trọng số'!$C$20,"Đợt 2","Đợt 3"))) -> Đợt 2 | X56: =IF(K56>=4,"LMS + số hóa học liệu",IF(K56=3,"Nâng cấp/thay LMS + số hóa học liệu","Số hóa học liệu, chạy trên LMS sẵn có"))&IF(L56>=4," + mô phỏng","")&IF(M56>=4," + ngoại ngữ","") -> Nâng cấp/thay LMS + số hóa học liệu + mô phỏng + ngoại ngữ | Y56: Ước lượng – LMS/quy mô cần khảo sát | Z56: C1=3: chưa rõ, giả định có LMS/Moodle cơ bản | C2=4: khớp: điện–điện tử, lab khoa học | C3=4: Đề án 2371 + chuẩn đầu ra tiếng Anh ĐH | C4=4: khối lượng giáo trình lớn | C5=4: lớn | C6=3: Công lập – Bộ Công Thương | C7=3: Đề án 2371 | C8=1: chưa có quan hệ (tự cập nhật) | C9=3: Vùng 3 (ước lượng) | C10=4: hạ tầng khá | C11=4: uy tín trong khối ngành | AC56: Bổ sung
A57: =RANK(V57,$V$5:$V$101) -> 53 | B57: TT GDNN-GDTX khu vực Thạch Thất – Quốc Oai | C57: TT GDNN-GDTX | D57: Công lập – Sở GD&ĐT Hà Nội | E57: 4 | G57: GDTX cấp THPT (Lý, Hóa, Sinh, Tiếng Anh) + nghề ngắn hạn | H57: Cần khảo sát | I57: Cần khảo sát | J57: Hợp nhất từ nhiều TT (29→14) | K57: 5 | L57: 3 | M57: 3 | N57: 5 | O57: 3 | P57: 2 | Q57: 5 | R57: 1 | S57: =IF(E57="Ngoài HN",1,IF(E57="","",6-VALUE(E57))) -> 2 | T57: 2 | U57: 4 | V57: =ROUND(SUMPRODUCT(K57:U57,$K$3:$U$3)/(5*SUM($K$3:$U$3))*100,1) -> 64.8 | W57: =IF(E57="Ngoài HN","Đợt 4 – Ngoài HN",IF(V57>='Trọng số'!$C$19,"Đợt 1",IF(V57>='Trọng số'!$C$20,"Đợt 2","Đợt 3"))) -> Đợt 3 | X57: =IF(K57>=4,"LMS + số hóa học liệu",IF(K57=3,"Nâng cấp/thay LMS + số hóa học liệu","Số hóa học liệu, chạy trên LMS sẵn có"))&IF(L57>=4," + mô phỏng","")&IF(M57>=4," + ngoại ngữ","") -> LMS + số hóa học liệu | Y57: Đã xác minh danh sách khu vực sáp nhập (KH 292); tên mới chưa công bố | Z57: C1=5: giả định chưa có LMS | C2=3: khớp: lab khoa học (chương trình GDTX THPT) | C3=3: tiếng Anh bắt buộc theo chương trình phổ thông | C4=5: hợp nhất học liệu các TT cũ | C5=3: trung bình | C6=2: Ngân sách qua Sở GD&ĐT, quyết định chậm | C7=5: Hợp nhất từ nhiều TT (29→14) | C8=1: chưa có quan hệ (tự cập nhật) | C9=2: Vùng 4 (ước lượng) | C10=2: giả định sơ khai | C11=4: cùng chủ quản với 13 TT khác: thắng 1 dễ nhân rộng | AA57: Cân nhắc tiếp cận cả cụm qua Sở GD&ĐT thay vì từng TT | AC57: Bổ sung
A58: =RANK(V58,$V$5:$V$101) -> 53 | B58: TT GDNN-GDTX khu vực Ứng Hòa – Mỹ Đức | C58: TT GDNN-GDTX | D58: Công lập – Sở GD&ĐT Hà Nội | E58: 4 | G58: GDTX cấp THPT (Lý, Hóa, Sinh, Tiếng Anh) + nghề ngắn hạn | H58: Cần khảo sát | I58: Cần khảo sát | J58: Hợp nhất từ nhiều TT (29→14); dự kiến chuyển thành trường trung học nghề | K58: 5 | L58: 3 | M58: 3 | N58: 5 | O58: 3 | P58: 2 | Q58: 5 | R58: 1 | S58: =IF(E58="Ngoài HN",1,IF(E58="","",6-VALUE(E58))) -> 2 | T58: 2 | U58: 4 | V58: =ROUND(SUMPRODUCT(K58:U58,$K$3:$U$3)/(5*SUM($K$3:$U$3))*100,1) -> 64.8 | W58: =IF(E58="Ngoài HN","Đợt 4 – Ngoài HN",IF(V58>='Trọng số'!$C$19,"Đợt 1",IF(V58>='Trọng số'!$C$20,"Đợt 2","Đợt 3"))) -> Đợt 3 | X58: =IF(K58>=4,"LMS + số hóa học liệu",IF(K58=3,"Nâng cấp/thay LMS + số hóa học liệu","Số hóa học liệu, chạy trên LMS sẵn có"))&IF(L58>=4," + mô phỏng","")&IF(M58>=4," + ngoại ngữ","") -> LMS + số hóa học liệu | Y58: Đã xác minh danh sách khu vực sáp nhập (KH 292); tên mới chưa công bố | Z58: C1=5: giả định chưa có LMS | C2=3: khớp: lab khoa học (chương trình GDTX THPT) | C3=3: tiếng Anh bắt buộc theo chương trình phổ thông | C4=5: hợp nhất học liệu các TT cũ | C5=3: trung bình | C6=2: Ngân sách qua Sở GD&ĐT, quyết định chậm | C7=5: Hợp nhất từ nhiều TT (29→14); dự kiến chuyển thành trường trung học nghề | C8=1: chưa có quan hệ (tự cập nhật) | C9=2: Vùng 4 (ước lượng) | C10=2: giả định sơ khai | C11=4: cùng chủ quản với 13 TT khác: thắng 1 dễ nhân rộng | AA58: Cân nhắc tiếp cận cả cụm qua Sở GD&ĐT thay vì từng TT | AC58: Bổ sung
A59: =RANK(V59,$V$5:$V$101) -> 53 | B59: TT GDNN-GDTX khu vực Sơn Tây – Phúc Thọ | C59: TT GDNN-GDTX | D59: Công lập – Sở GD&ĐT Hà Nội | E59: 4 | G59: GDTX cấp THPT (Lý, Hóa, Sinh, Tiếng Anh) + nghề ngắn hạn | H59: Cần khảo sát | I59: Cần khảo sát | J59: Hợp nhất từ nhiều TT (29→14) | K59: 5 | L59: 3 | M59: 3 | N59: 5 | O59: 3 | P59: 2 | Q59: 5 | R59: 1 | S59: =IF(E59="Ngoài HN",1,IF(E59="","",6-VALUE(E59))) -> 2 | T59: 2 | U59: 4 | V59: =ROUND(SUMPRODUCT(K59:U59,$K$3:$U$3)/(5*SUM($K$3:$U$3))*100,1) -> 64.8 | W59: =IF(E59="Ngoài HN","Đợt 4 – Ngoài HN",IF(V59>='Trọng số'!$C$19,"Đợt 1",IF(V59>='Trọng số'!$C$20,"Đợt 2","Đợt 3"))) -> Đợt 3 | X59: =IF(K59>=4,"LMS + số hóa học liệu",IF(K59=3,"Nâng cấp/thay LMS + số hóa học liệu","Số hóa học liệu, chạy trên LMS sẵn có"))&IF(L59>=4," + mô phỏng","")&IF(M59>=4," + ngoại ngữ","") -> LMS + số hóa học liệu | Y59: Đã xác minh danh sách khu vực sáp nhập (KH 292); tên mới chưa công bố | Z59: C1=5: giả định chưa có LMS | C2=3: khớp: lab khoa học (chương trình GDTX THPT) | C3=3: tiếng Anh bắt buộc theo chương trình phổ thông | C4=5: hợp nhất học liệu các TT cũ | C5=3: trung bình | C6=2: Ngân sách qua Sở GD&ĐT, quyết định chậm | C7=5: Hợp nhất từ nhiều TT (29→14) | C8=1: chưa có quan hệ (tự cập nhật) | C9=2: Vùng 4 (ước lượng) | C10=2: giả định sơ khai | C11=4: cùng chủ quản với 13 TT khác: thắng 1 dễ nhân rộng | AA59: Cân nhắc tiếp cận cả cụm qua Sở GD&ĐT thay vì từng TT | AC59: Bổ sung
A60: =RANK(V60,$V$5:$V$101) -> 53 | B60: TT GDNN-GDTX khu vực Mê Linh – Sóc Sơn | C60: TT GDNN-GDTX | D60: Công lập – Sở GD&ĐT Hà Nội | E60: 4 | G60: GDTX cấp THPT (Lý, Hóa, Sinh, Tiếng Anh) + nghề ngắn hạn | H60: Cần khảo sát | I60: Cần khảo sát | J60: Hợp nhất từ nhiều TT (29→14); dự kiến chuyển thành trường trung học nghề | K60: 5 | L60: 3 | M60: 3 | N60: 5 | O60: 3 | P60: 2 | Q60: 5 | R60: 1 | S60: =IF(E60="Ngoài HN",1,IF(E60="","",6-VALUE(E60))) -> 2 | T60: 2 | U60: 4 | V60: =ROUND(SUMPRODUCT(K60:U60,$K$3:$U$3)/(5*SUM($K$3:$U$3))*100,1) -> 64.8 | W60: =IF(E60="Ngoài HN","Đợt 4 – Ngoài HN",IF(V60>='Trọng số'!$C$19,"Đợt 1",IF(V60>='Trọng số'!$C$20,"Đợt 2","Đợt 3"))) -> Đợt 3 | X60: =IF(K60>=4,"LMS + số hóa học liệu",IF(K60=3,"Nâng cấp/thay LMS + số hóa học liệu","Số hóa học liệu, chạy trên LMS sẵn có"))&IF(L60>=4," + mô phỏng","")&IF(M60>=4," + ngoại ngữ","") -> LMS + số hóa học liệu | Y60: Đã xác minh danh sách khu vực sáp nhập (KH 292); tên mới chưa công bố | Z60: C1=5: giả định chưa có LMS | C2=3: khớp: lab khoa học (chương trình GDTX THPT) | C3=3: tiếng Anh bắt buộc theo chương trình phổ thông | C4=5: hợp nhất học liệu các TT cũ | C5=3: trung bình | C6=2: Ngân sách qua Sở GD&ĐT, quyết định chậm | C7=5: Hợp nhất từ nhiều TT (29→14); dự kiến chuyển thành trường trung học nghề | C8=1: chưa có quan hệ (tự cập nhật) | C9=2: Vùng 4 (ước lượng) | C10=2: giả định sơ khai | C11=4: cùng chủ quản với 13 TT khác: thắng 1 dễ nhân rộng | AA60: Cân nhắc tiếp cận cả cụm qua Sở GD&ĐT thay vì từng TT | AC60: Bổ sung
A61: =RANK(V61,$V$5:$V$101) -> 57 | B61: CĐ Công nghệ cao Hà Nội (CS1 Tây Mỗ + CS2 Thanh Xuân) | C61: Cao đẳng | D61: Công lập – TP Hà Nội | E61: 1 | F61: 8 | G61: Điện tử, Vi mạch bán dẫn, Cơ điện tử, Tự động hóa, Ô tô | H61: LMS hoàn chỉnh: sinhvien.hht.edu.vn. Thư viện điện tử: hht.edu.vn/thu-vien-dien-tu. | I61: Đầu tàu số hóa GDNN. Quản trị thông minh, số hóa quy trình chấm điểm và thi tay nghề. | J61: Giữ nguyên, đang tái cấu trúc; BGH bố trí lại 6/10/2026 | K61: 2 | L61: 5 | M61: 3 | N61: 2 | O61: 4 | P61: 3 | Q61: 3 | R61: 1 | S61: =IF(E61="Ngoài HN",1,IF(E61="","",6-VALUE(E61))) -> 5 | T61: 5 | U61: 5 | V61: =ROUND(SUMPRODUCT(K61:U61,$K$3:$U$3)/(5*SUM($K$3:$U$3))*100,1) -> 64.4 | W61: =IF(E61="Ngoài HN","Đợt 4 – Ngoài HN",IF(V61>='Trọng số'!$C$19,"Đợt 1",IF(V61>='Trọng số'!$C$20,"Đợt 2","Đợt 3"))) -> Đợt 3 | X61: =IF(K61>=4,"LMS + số hóa học liệu",IF(K61=3,"Nâng cấp/thay LMS + số hóa học liệu","Số hóa học liệu, chạy trên LMS sẵn có"))&IF(L61>=4," + mô phỏng","")&IF(M61>=4," + ngoại ngữ","") -> Số hóa học liệu, chạy trên LMS sẵn có + mô phỏng | Y61: Đã xác minh giữ nguyên; gộp 2 dòng #9 và #16 của file | Z61: C1=2: đã có LMS đầy đủ | C2=5: khớp: điện–điện tử, cơ khí/ô tô/thiết bị, lab khoa học | C3=3: ngoại ngữ là chuẩn đầu ra chung | C4=2: đã có thư viện số/học liệu số tốt | C5=4: lớn, nhiều ngành | C6=3: Công lập – TP Hà Nội | C7=3: Giữ nguyên, đang tái cấu trúc; BGH bố trí lại 6/10/2026 | C8=1: chưa có quan hệ (tự cập nhật) | C9=5: Vùng 1 | C10=5: đã số hóa quản lý tốt | C11=5: đầu tàu ngành | AA61: Hiệu trưởng: Phạm Xuân Khánh (TB 750-TB/TU) | AB61: hht.edu.vn | AC61: File gốc #16 + #9
A62: =RANK(V62,$V$5:$V$101) -> 58 | B62: Trường ĐH Kiến trúc Hà Nội | C62: Đại học | D62: Công lập | E62: 1 | G62: Kiến trúc, xây dựng, cấp thoát nước, đồ họa 3D | H62: Cần khảo sát (chưa rõ, giả định có LMS/Moodle cơ bản) | I62: Cần khảo sát | J62: Đề án 2371 | K62: 3 | L62: 3 | M62: 4 | N62: 4 | O62: 4 | P62: 3 | Q62: 3 | R62: 1 | S62: =IF(E62="Ngoài HN",1,IF(E62="","",6-VALUE(E62))) -> 5 | T62: 4 | U62: 3 | V62: =ROUND(SUMPRODUCT(K62:U62,$K$3:$U$3)/(5*SUM($K$3:$U$3))*100,1) -> 64.2 | W62: =IF(E62="Ngoài HN","Đợt 4 – Ngoài HN",IF(V62>='Trọng số'!$C$19,"Đợt 1",IF(V62>='Trọng số'!$C$20,"Đợt 2","Đợt 3"))) -> Đợt 3 | X62: =IF(K62>=4,"LMS + số hóa học liệu",IF(K62=3,"Nâng cấp/thay LMS + số hóa học liệu","Số hóa học liệu, chạy trên LMS sẵn có"))&IF(L62>=4," + mô phỏng","")&IF(M62>=4," + ngoại ngữ","") -> Nâng cấp/thay LMS + số hóa học liệu + ngoại ngữ | Y62: Ước lượng – LMS/quy mô cần khảo sát | Z62: C1=3: chưa rõ, giả định có LMS/Moodle cơ bản | C2=3: khớp: cơ khí/ô tô/thiết bị | C3=4: Đề án 2371 + chuẩn đầu ra tiếng Anh ĐH | C4=4: khối lượng giáo trình lớn | C5=4: lớn | C6=3: Công lập | C7=3: Đề án 2371 | C8=1: chưa có quan hệ (tự cập nhật) | C9=5: Vùng 1 (ước lượng) | C10=4: hạ tầng khá | C11=3: trường trung bình | AC62: Bổ sung
A63: =RANK(V63,$V$5:$V$101) -> 59 | B63: CĐ Cộng đồng Hà Tây (HTCC) | C63: Cao đẳng | D63: Công lập – TP Hà Nội | E63: 3 | F63: 14 | G63: Kỹ thuật Điện công nghiệp, Máy lạnh & ĐHKK, Tin học | H63: Chưa có LMS hiện đại. Website chính htcc.edu.vn đang phục vụ thông báo chung. | I63: Cơ bản. Đang trong quá trình tái cấu trúc và số hóa quy trình quản lý học vụ. | J63: Giữ nguyên, đang tái cấu trúc; BGH bố trí lại 6/10/2026 | K63: 5 | L63: 3 | M63: 3 | N63: 4 | O63: 3 | P63: 3 | Q63: 4 | R63: 1 | S63: =IF(E63="Ngoài HN",1,IF(E63="","",6-VALUE(E63))) -> 3 | T63: 2 | U63: 4 | V63: =ROUND(SUMPRODUCT(K63:U63,$K$3:$U$3)/(5*SUM($K$3:$U$3))*100,1) -> 64 | W63: =IF(E63="Ngoài HN","Đợt 4 – Ngoài HN",IF(V63>='Trọng số'!$C$19,"Đợt 1",IF(V63>='Trọng số'!$C$20,"Đợt 2","Đợt 3"))) -> Đợt 3 | X63: =IF(K63>=4,"LMS + số hóa học liệu",IF(K63=3,"Nâng cấp/thay LMS + số hóa học liệu","Số hóa học liệu, chạy trên LMS sẵn có"))&IF(L63>=4," + mô phỏng","")&IF(M63>=4," + ngoại ngữ","") -> LMS + số hóa học liệu | Y63: Đã xác minh giữ nguyên | Z63: C1=5: chưa có LMS (theo file) | C2=3: khớp: điện–điện tử | C3=3: ngoại ngữ là chuẩn đầu ra chung | C4=4: trường nghề nặng thực hành, học liệu chủ yếu giấy/PDF | C5=3: trung bình/chưa rõ | C6=3: Công lập – TP Hà Nội | C7=4: Giữ nguyên, đang tái cấu trúc; BGH bố trí lại 6/10/2026 | C8=1: chưa có quan hệ (tự cập nhật) | C9=3: Vùng 3 | C10=2: số hóa quản lý cơ bản | C11=4: thuộc hệ thống trường của TP/bộ, dễ nhân rộng | AA63: Hiệu trưởng: Hoàng Đức Huế (TB 750-TB/TU) | AB63: htcc.edu.vn | AC63: File gốc #38
A64: =RANK(V64,$V$5:$V$101) -> 60 | B64: CĐ Xây dựng số 1 (CTC1) | C64: Cao đẳng | D64: Công lập – Bộ Xây dựng | E64: 1 | F64: 4.2 | G64: Cấp thoát nước, Điện kỹ thuật công trình, Trắc địa, Kiến trúc | H64: Có E-learning cơ bản. Tổ chức học tài liệu qua cổng thông tin môn học. | I64: Khá. Có phân hệ quản lý điểm, lịch học tín chỉ cho sinh viên xây dựng. | J64: Không có sự kiện riêng; chỉ có động lực chính sách chung | K64: 4 | L64: 4 | M64: 3 | N64: 4 | O64: 3 | P64: 3 | Q64: 2 | R64: 1 | S64: =IF(E64="Ngoài HN",1,IF(E64="","",6-VALUE(E64))) -> 5 | T64: 4 | U64: 3 | V64: =ROUND(SUMPRODUCT(K64:U64,$K$3:$U$3)/(5*SUM($K$3:$U$3))*100,1) -> 63.4 | W64: =IF(E64="Ngoài HN","Đợt 4 – Ngoài HN",IF(V64>='Trọng số'!$C$19,"Đợt 1",IF(V64>='Trọng số'!$C$20,"Đợt 2","Đợt 3"))) -> Đợt 3 | X64: =IF(K64>=4,"LMS + số hóa học liệu",IF(K64=3,"Nâng cấp/thay LMS + số hóa học liệu","Số hóa học liệu, chạy trên LMS sẵn có"))&IF(L64>=4," + mô phỏng","")&IF(M64>=4," + ngoại ngữ","") -> LMS + số hóa học liệu + mô phỏng | Y64: Chưa xác minh (file gốc) | Z64: C1=4: LMS mức cơ bản | C2=4: khớp: điện–điện tử, cơ khí/ô tô/thiết bị | C3=3: ngoại ngữ là chuẩn đầu ra chung | C4=4: trường nghề nặng thực hành, học liệu chủ yếu giấy/PDF | C5=3: trung bình/chưa rõ | C6=3: Công lập – Bộ Xây dựng | C7=2: Không có sự kiện riêng; chỉ có động lực chính sách chung | C8=1: chưa có quan hệ (tự cập nhật) | C9=5: Vùng 1 | C10=4: số hóa quản lý khá | C11=3: trường trong mạng lưới | AB64: ctc1.edu.vn | AC64: File gốc #5
A65: =RANK(V65,$V$5:$V$101) -> 61 | B65: CĐ Kinh tế Kỹ thuật và Công nghệ (ECOTEX) | C65: Cao đẳng | D65: Chưa rõ | E65: 1 | F65: 3 | G65: Điện tử công nghiệp, Cơ điện tử, Công nghệ Ô tô, CNTT | H65: Chưa có LMS. Mới vận hành website tin tức và trang tin tuyển sinh. | I65: Sơ khai. Quản lý dữ liệu học vụ rời rạc trên bảng tính và phần mềm kế toán độc lập. | J65: Không có sự kiện riêng; chỉ có động lực chính sách chung | K65: 5 | L65: 4 | M65: 3 | N65: 4 | O65: 3 | P65: 3 | Q65: 2 | R65: 1 | S65: =IF(E65="Ngoài HN",1,IF(E65="","",6-VALUE(E65))) -> 5 | T65: 2 | U65: 3 | V65: =ROUND(SUMPRODUCT(K65:U65,$K$3:$U$3)/(5*SUM($K$3:$U$3))*100,1) -> 63 | W65: =IF(E65="Ngoài HN","Đợt 4 – Ngoài HN",IF(V65>='Trọng số'!$C$19,"Đợt 1",IF(V65>='Trọng số'!$C$20,"Đợt 2","Đợt 3"))) -> Đợt 3 | X65: =IF(K65>=4,"LMS + số hóa học liệu",IF(K65=3,"Nâng cấp/thay LMS + số hóa học liệu","Số hóa học liệu, chạy trên LMS sẵn có"))&IF(L65>=4," + mô phỏng","")&IF(M65>=4," + ngoại ngữ","") -> LMS + số hóa học liệu + mô phỏng | Y65: Chưa xác minh tên/chủ quản | Z65: C1=5: chưa có LMS (theo file) | C2=4: khớp: điện–điện tử, cơ khí/ô tô/thiết bị | C3=3: ngoại ngữ là chuẩn đầu ra chung | C4=4: trường nghề nặng thực hành, học liệu chủ yếu giấy/PDF | C5=3: trung bình/chưa rõ | C6=3: Chưa rõ | C7=2: Không có sự kiện riêng; chỉ có động lực chính sách chung | C8=1: chưa có quan hệ (tự cập nhật) | C9=5: Vùng 1 | C10=2: quản lý sơ khai | C11=3: trường trong mạng lưới | AB65: ecotex.edu.vn | AC65: File gốc #3
A66: =RANK(V66,$V$5:$V$101) -> 62 | B66: TT GDNN-GDTX khu vực Ba Vì | C66: TT GDNN-GDTX | D66: Công lập – Sở GD&ĐT Hà Nội | E66: 4 | G66: GDTX cấp THPT (Lý, Hóa, Sinh, Tiếng Anh) + nghề ngắn hạn | H66: Cần khảo sát | I66: Cần khảo sát | J66: Giữ nguyên; dự kiến chuyển thành trường trung học nghề | K66: 5 | L66: 3 | M66: 3 | N66: 4 | O66: 3 | P66: 2 | Q66: 5 | R66: 1 | S66: =IF(E66="Ngoài HN",1,IF(E66="","",6-VALUE(E66))) -> 2 | T66: 2 | U66: 4 | V66: =ROUND(SUMPRODUCT(K66:U66,$K$3:$U$3)/(5*SUM($K$3:$U$3))*100,1) -> 62.8 | W66: =IF(E66="Ngoài HN","Đợt 4 – Ngoài HN",IF(V66>='Trọng số'!$C$19,"Đợt 1",IF(V66>='Trọng số'!$C$20,"Đợt 2","Đợt 3"))) -> Đợt 3 | X66: =IF(K66>=4,"LMS + số hóa học liệu",IF(K66=3,"Nâng cấp/thay LMS + số hóa học liệu","Số hóa học liệu, chạy trên LMS sẵn có"))&IF(L66>=4," + mô phỏng","")&IF(M66>=4," + ngoại ngữ","") -> LMS + số hóa học liệu | Y66: Đã xác minh danh sách khu vực sáp nhập (KH 292); tên mới chưa công bố | Z66: C1=5: giả định chưa có LMS | C2=3: khớp: lab khoa học (chương trình GDTX THPT) | C3=3: tiếng Anh bắt buộc theo chương trình phổ thông | C4=4: học liệu chủ yếu giấy | C5=3: trung bình | C6=2: Ngân sách qua Sở GD&ĐT, quyết định chậm | C7=5: Giữ nguyên; dự kiến chuyển thành trường trung học nghề | C8=1: chưa có quan hệ (tự cập nhật) | C9=2: Vùng 4 (ước lượng) | C10=2: giả định sơ khai | C11=4: cùng chủ quản với 13 TT khác: thắng 1 dễ nhân rộng | AA66: Cân nhắc tiếp cận cả cụm qua Sở GD&ĐT thay vì từng TT | AC66: Bổ sung
A67: =RANK(V67,$V$5:$V$101) -> 63 | B67: CĐ Bách nghệ Hà Nội | C67: Cao đẳng | D67: Tư thục | E67: 2 | F67: 7 | G67: Công nghệ Ô tô, Kỹ thuật máy lạnh & ĐHKK, CNTT | H67: LMS mức trung bình. Sử dụng Moodle cơ bản để kiểm tra định kỳ. | I67: Trung bình. Quản lý đào tạo theo niên chế/tín chỉ thông qua phần mềm cục bộ. | J67: Không có sự kiện riêng; chỉ có động lực chính sách chung | K67: 3 | L67: 4 | M67: 3 | N67: 4 | O67: 3 | P67: 5 | Q67: 2 | R67: 1 | S67: =IF(E67="Ngoài HN",1,IF(E67="","",6-VALUE(E67))) -> 4 | T67: 3 | U67: 3 | V67: =ROUND(SUMPRODUCT(K67:U67,$K$3:$U$3)/(5*SUM($K$3:$U$3))*100,1) -> 62.4 | W67: =IF(E67="Ngoài HN","Đợt 4 – Ngoài HN",IF(V67>='Trọng số'!$C$19,"Đợt 1",IF(V67>='Trọng số'!$C$20,"Đợt 2","Đợt 3"))) -> Đợt 3 | X67: =IF(K67>=4,"LMS + số hóa học liệu",IF(K67=3,"Nâng cấp/thay LMS + số hóa học liệu","Số hóa học liệu, chạy trên LMS sẵn có"))&IF(L67>=4," + mô phỏng","")&IF(M67>=4," + ngoại ngữ","") -> Nâng cấp/thay LMS + số hóa học liệu + mô phỏng | Y67: Khoảng cách trong file có thể sai (Phạm Văn Đồng >10 km) | Z67: C1=3: đang dùng Moodle | C2=4: khớp: điện–điện tử, cơ khí/ô tô/thiết bị | C3=3: ngoại ngữ là chuẩn đầu ra chung | C4=4: trường nghề nặng thực hành, học liệu chủ yếu giấy/PDF | C5=3: trung bình/chưa rõ | C6=5: Tư thục | C7=2: Không có sự kiện riêng; chỉ có động lực chính sách chung | C8=1: chưa có quan hệ (tự cập nhật) | C9=4: Vùng 2 | C10=3: số hóa trung bình | C11=3: trường trong mạng lưới | AB67: hbc.edu.vn | AC67: File gốc #13
A68: =RANK(V68,$V$5:$V$101) -> 63 | B68: Trường ĐH CMC | C68: Đại học | D68: Tư thục | E68: 2 | G68: CNTT, vi mạch, ngôn ngữ | H68: Cần khảo sát (nhiều khả năng đã có LMS (giả định)) | I68: Cần khảo sát | J68: Đề án 2371 | K68: 2 | L68: 3 | M68: 4 | N68: 3 | O68: 3 | P68: 5 | Q68: 3 | R68: 1 | S68: =IF(E68="Ngoài HN",1,IF(E68="","",6-VALUE(E68))) -> 4 | T68: 5 | U68: 3 | V68: =ROUND(SUMPRODUCT(K68:U68,$K$3:$U$3)/(5*SUM($K$3:$U$3))*100,1) -> 62.4 | W68: =IF(E68="Ngoài HN","Đợt 4 – Ngoài HN",IF(V68>='Trọng số'!$C$19,"Đợt 1",IF(V68>='Trọng số'!$C$20,"Đợt 2","Đợt 3"))) -> Đợt 3 | X68: =IF(K68>=4,"LMS + số hóa học liệu",IF(K68=3,"Nâng cấp/thay LMS + số hóa học liệu","Số hóa học liệu, chạy trên LMS sẵn có"))&IF(L68>=4," + mô phỏng","")&IF(M68>=4," + ngoại ngữ","") -> Số hóa học liệu, chạy trên LMS sẵn có + ngoại ngữ | Y68: Ước lượng – LMS/quy mô cần khảo sát | Z68: C1=2: nhiều khả năng đã có LMS (giả định) | C2=3: khớp: điện–điện tử | C3=4: Đề án 2371 + chuẩn đầu ra tiếng Anh ĐH | C4=3: đã có một phần học liệu số | C5=3: trung bình | C6=5: Tư thục | C7=3: Đề án 2371 | C8=1: chưa có quan hệ (tự cập nhật) | C9=4: Vùng 2 (ước lượng) | C10=5: hạ tầng CNTT mạnh | C11=3: trường trung bình | AC68: Bổ sung
A69: =RANK(V69,$V$5:$V$101) -> 65 | B69: Trường ĐH Tài nguyên và Môi trường Hà Nội | C69: Đại học | D69: Công lập – Bộ NN&MT | E69: 3 | G69: Môi trường, trắc địa, CNTT | H69: Cần khảo sát (chưa rõ, giả định có LMS/Moodle cơ bản) | I69: Cần khảo sát | J69: Đề án 2371 | K69: 3 | L69: 3 | M69: 4 | N69: 4 | O69: 4 | P69: 3 | Q69: 3 | R69: 1 | S69: =IF(E69="Ngoài HN",1,IF(E69="","",6-VALUE(E69))) -> 3 | T69: 4 | U69: 3 | V69: =ROUND(SUMPRODUCT(K69:U69,$K$3:$U$3)/(5*SUM($K$3:$U$3))*100,1) -> 61.8 | W69: =IF(E69="Ngoài HN","Đợt 4 – Ngoài HN",IF(V69>='Trọng số'!$C$19,"Đợt 1",IF(V69>='Trọng số'!$C$20,"Đợt 2","Đợt 3"))) -> Đợt 3 | X69: =IF(K69>=4,"LMS + số hóa học liệu",IF(K69=3,"Nâng cấp/thay LMS + số hóa học liệu","Số hóa học liệu, chạy trên LMS sẵn có"))&IF(L69>=4," + mô phỏng","")&IF(M69>=4," + ngoại ngữ","") -> Nâng cấp/thay LMS + số hóa học liệu + ngoại ngữ | Y69: Ước lượng – LMS/quy mô cần khảo sát | Z69: C1=3: chưa rõ, giả định có LMS/Moodle cơ bản | C2=3: khớp: cơ khí/ô tô/thiết bị, lab khoa học | C3=4: Đề án 2371 + chuẩn đầu ra tiếng Anh ĐH | C4=4: khối lượng giáo trình lớn | C5=4: lớn | C6=3: Công lập – Bộ NN&MT | C7=3: Đề án 2371 | C8=1: chưa có quan hệ (tự cập nhật) | C9=3: Vùng 3 (ước lượng) | C10=4: hạ tầng khá | C11=3: trường trung bình | AC69: Bổ sung
A70: =RANK(V70,$V$5:$V$101) -> 66 | B70: CĐ Công thương Hà Nội (HCIT) | C70: Cao đẳng | D70: Chưa rõ | E70: 2 | F70: 5.5 | G70: Điện tử, Điện công nghiệp, Cơ điện tử, Công nghệ Ô tô, CNTT | H70: Đã có LMS từ xa: elearning.hcit.edu.vn. Tuyển sinh tại dangky.congthuonghn.edu.vn. | I70: Đã số hóa. Hệ thống thi trực tuyến và quản trị dữ liệu sinh viên từ xa vận hành liên tục. | J70: Không có sự kiện riêng; chỉ có động lực chính sách chung | K70: 3 | L70: 4 | M70: 3 | N70: 4 | O70: 3 | P70: 3 | Q70: 2 | R70: 1 | S70: =IF(E70="Ngoài HN",1,IF(E70="","",6-VALUE(E70))) -> 4 | T70: 5 | U70: 3 | V70: =ROUND(SUMPRODUCT(K70:U70,$K$3:$U$3)/(5*SUM($K$3:$U$3))*100,1) -> 61.2 | W70: =IF(E70="Ngoài HN","Đợt 4 – Ngoài HN",IF(V70>='Trọng số'!$C$19,"Đợt 1",IF(V70>='Trọng số'!$C$20,"Đợt 2","Đợt 3"))) -> Đợt 3 | X70: =IF(K70>=4,"LMS + số hóa học liệu",IF(K70=3,"Nâng cấp/thay LMS + số hóa học liệu","Số hóa học liệu, chạy trên LMS sẵn có"))&IF(L70>=4," + mô phỏng","")&IF(M70>=4," + ngoại ngữ","") -> Nâng cấp/thay LMS + số hóa học liệu + mô phỏng | Y70: Chưa xác minh chủ quản | Z70: C1=3: có e-learning lý thuyết | C2=4: khớp: điện–điện tử, cơ khí/ô tô/thiết bị | C3=3: ngoại ngữ là chuẩn đầu ra chung | C4=4: trường nghề nặng thực hành, học liệu chủ yếu giấy/PDF | C5=3: trung bình/chưa rõ | C6=3: Chưa rõ | C7=2: Không có sự kiện riêng; chỉ có động lực chính sách chung | C8=1: chưa có quan hệ (tự cập nhật) | C9=4: Vùng 2 | C10=5: đã số hóa quản lý tốt | C11=3: trường trong mạng lưới | AB70: hcit.edu.vn | AC70: File gốc #11
A71: =RANK(V71,$V$5:$V$101) -> 66 | B71: CĐ Công nghệ Hà Nội (Hitech) | C71: Cao đẳng | D71: Tư thục | E71: 3 | F71: 12 | G71: Kỹ thuật Cơ điện tử, Kỹ thuật Điện tử, Ô tô, Thiết kế đồ họa | H71: Có E-learning hỗ trợ. Dùng hệ thống học tập để phân phối giáo trình số. | I71: Trung bình - Khá. Đang triển khai nâng cấp phần mềm quản lý học viên và điểm danh. | J71: Không có sự kiện riêng; chỉ có động lực chính sách chung | K71: 3 | L71: 4 | M71: 3 | N71: 4 | O71: 3 | P71: 5 | Q71: 2 | R71: 1 | S71: =IF(E71="Ngoài HN",1,IF(E71="","",6-VALUE(E71))) -> 3 | T71: 3 | U71: 3 | V71: =ROUND(SUMPRODUCT(K71:U71,$K$3:$U$3)/(5*SUM($K$3:$U$3))*100,1) -> 61.2 | W71: =IF(E71="Ngoài HN","Đợt 4 – Ngoài HN",IF(V71>='Trọng số'!$C$19,"Đợt 1",IF(V71>='Trọng số'!$C$20,"Đợt 2","Đợt 3"))) -> Đợt 3 | X71: =IF(K71>=4,"LMS + số hóa học liệu",IF(K71=3,"Nâng cấp/thay LMS + số hóa học liệu","Số hóa học liệu, chạy trên LMS sẵn có"))&IF(L71>=4," + mô phỏng","")&IF(M71>=4," + ngoại ngữ","") -> Nâng cấp/thay LMS + số hóa học liệu + mô phỏng | Y71: Chưa xác minh (file gốc) | Z71: C1=3: có e-learning lý thuyết | C2=4: khớp: điện–điện tử, cơ khí/ô tô/thiết bị | C3=3: ngoại ngữ là chuẩn đầu ra chung | C4=4: trường nghề nặng thực hành, học liệu chủ yếu giấy/PDF | C5=3: trung bình/chưa rõ | C6=5: Tư thục | C7=2: Không có sự kiện riêng; chỉ có động lực chính sách chung | C8=1: chưa có quan hệ (tự cập nhật) | C9=3: Vùng 3 | C10=3: số hóa trung bình–khá | C11=3: trường trong mạng lưới | AB71: hitech.edu.vn | AC71: File gốc #30
A72: =RANK(V72,$V$5:$V$101) -> 68 | B72: CĐ Công nghiệp In | C72: Cao đẳng | D72: Công lập – bộ ngành | E72: 3 | F72: 11.5 | G72: Cơ khí chế tạo máy in, Kỹ thuật Điện - Điện tử, Đồ họa 3D | H72: Có LMS cơ bản. Duy trì hệ thống bài giảng điện tử cho sinh viên ngành in và đồ họa. | I72: Khá. Có cổng sinh viên tra cứu lịch thi, thời khóa biểu và điểm số. | J72: Không có sự kiện riêng; chỉ có động lực chính sách chung | K72: 4 | L72: 4 | M72: 3 | N72: 4 | O72: 3 | P72: 3 | Q72: 2 | R72: 1 | S72: =IF(E72="Ngoài HN",1,IF(E72="","",6-VALUE(E72))) -> 3 | T72: 4 | U72: 3 | V72: =ROUND(SUMPRODUCT(K72:U72,$K$3:$U$3)/(5*SUM($K$3:$U$3))*100,1) -> 61 | W72: =IF(E72="Ngoài HN","Đợt 4 – Ngoài HN",IF(V72>='Trọng số'!$C$19,"Đợt 1",IF(V72>='Trọng số'!$C$20,"Đợt 2","Đợt 3"))) -> Đợt 3 | X72: =IF(K72>=4,"LMS + số hóa học liệu",IF(K72=3,"Nâng cấp/thay LMS + số hóa học liệu","Số hóa học liệu, chạy trên LMS sẵn có"))&IF(L72>=4," + mô phỏng","")&IF(M72>=4," + ngoại ngữ","") -> LMS + số hóa học liệu + mô phỏng | Y72: Chưa xác minh (file gốc) | Z72: C1=4: LMS mức cơ bản | C2=4: khớp: điện–điện tử, cơ khí/ô tô/thiết bị | C3=3: ngoại ngữ là chuẩn đầu ra chung | C4=4: trường nghề nặng thực hành, học liệu chủ yếu giấy/PDF | C5=3: trung bình/chưa rõ | C6=3: Công lập – bộ ngành | C7=2: Không có sự kiện riêng; chỉ có động lực chính sách chung | C8=1: chưa có quan hệ (tự cập nhật) | C9=3: Vùng 3 | C10=4: số hóa quản lý khá | C11=3: trường trong mạng lưới | AB72: cdin.edu.vn | AC72: File gốc #29
A73: =RANK(V73,$V$5:$V$101) -> 69 | B73: CĐ Nông nghiệp Hà Nội (HAC) | C73: Cao đẳng | D73: Chưa rõ | E73: 4 | F73: 22 | G73: Công nghệ IoT nông nghiệp, Kỹ thuật điện, Chăn nuôi thú y | H73: Chưa có LMS thực hành. Website đăng tải tài liệu học tập PDF tĩnh. | I73: Trung bình. Quản lý tuyển sinh và học phí qua tài khoản ngân hàng và phần mềm văn phòng. | J73: Không có sự kiện riêng; chỉ có động lực chính sách chung | K73: 5 | L73: 4 | M73: 3 | N73: 4 | O73: 3 | P73: 3 | Q73: 2 | R73: 1 | S73: =IF(E73="Ngoài HN",1,IF(E73="","",6-VALUE(E73))) -> 2 | T73: 3 | U73: 3 | V73: =ROUND(SUMPRODUCT(K73:U73,$K$3:$U$3)/(5*SUM($K$3:$U$3))*100,1) -> 60.8 | W73: =IF(E73="Ngoài HN","Đợt 4 – Ngoài HN",IF(V73>='Trọng số'!$C$19,"Đợt 1",IF(V73>='Trọng số'!$C$20,"Đợt 2","Đợt 3"))) -> Đợt 3 | X73: =IF(K73>=4,"LMS + số hóa học liệu",IF(K73=3,"Nâng cấp/thay LMS + số hóa học liệu","Số hóa học liệu, chạy trên LMS sẵn có"))&IF(L73>=4," + mô phỏng","")&IF(M73>=4," + ngoại ngữ","") -> LMS + số hóa học liệu + mô phỏng | Y73: Chưa xác minh tên/chủ quản | Z73: C1=5: chưa có LMS (theo file) | C2=4: khớp: điện–điện tử, lab khoa học | C3=3: ngoại ngữ là chuẩn đầu ra chung | C4=4: trường nghề nặng thực hành, học liệu chủ yếu giấy/PDF | C5=3: trung bình/chưa rõ | C6=3: Chưa rõ | C7=2: Không có sự kiện riêng; chỉ có động lực chính sách chung | C8=1: chưa có quan hệ (tự cập nhật) | C9=2: Vùng 4 | C10=3: số hóa trung bình | C11=3: trường trong mạng lưới | AB73: hac.edu.vn | AC73: File gốc #46
A74: =RANK(V74,$V$5:$V$101) -> 70 | B74: Trường ĐH Y tế Công cộng | C74: Đại học | D74: Công lập – Bộ Y tế | E74: 3 | G74: Y tế công cộng, xét nghiệm, dinh dưỡng | H74: Cần khảo sát (chưa rõ, giả định có LMS/Moodle cơ bản) | I74: Cần khảo sát | J74: Đề án 2371 | K74: 3 | L74: 4 | M74: 4 | N74: 4 | O74: 2 | P74: 3 | Q74: 3 | R74: 1 | S74: =IF(E74="Ngoài HN",1,IF(E74="","",6-VALUE(E74))) -> 3 | T74: 4 | U74: 3 | V74: =ROUND(SUMPRODUCT(K74:U74,$K$3:$U$3)/(5*SUM($K$3:$U$3))*100,1) -> 60.6 | W74: =IF(E74="Ngoài HN","Đợt 4 – Ngoài HN",IF(V74>='Trọng số'!$C$19,"Đợt 1",IF(V74>='Trọng số'!$C$20,"Đợt 2","Đợt 3"))) -> Đợt 3 | X74: =IF(K74>=4,"LMS + số hóa học liệu",IF(K74=3,"Nâng cấp/thay LMS + số hóa học liệu","Số hóa học liệu, chạy trên LMS sẵn có"))&IF(L74>=4," + mô phỏng","")&IF(M74>=4," + ngoại ngữ","") -> Nâng cấp/thay LMS + số hóa học liệu + mô phỏng + ngoại ngữ | Y74: Ước lượng – LMS/quy mô cần khảo sát | Z74: C1=3: chưa rõ, giả định có LMS/Moodle cơ bản | C2=4: khớp: y tế, lab khoa học | C3=4: Đề án 2371 + chuẩn đầu ra tiếng Anh ĐH | C4=4: khối lượng giáo trình lớn | C5=2: nhỏ | C6=3: Công lập – Bộ Y tế | C7=3: Đề án 2371 | C8=1: chưa có quan hệ (tự cập nhật) | C9=3: Vùng 3 (ước lượng) | C10=4: hạ tầng khá | C11=3: trường trung bình | AC74: Bổ sung
A75: =RANK(V75,$V$5:$V$101) -> 71 | B75: CĐ Cơ điện Hà Tây (HACTEC - Xuân Mai) | C75: Cao đẳng | D75: Chưa rõ | E75: 4 | F75: 18 | G75: Cơ điện tử, Điện công nghiệp, Cắt gọt kim loại, Ô tô | H75: Chưa có LMS thực hành sâu. Mới sử dụng phần mềm quản lý học liệu và thi trắc nghiệm. | I75: Trung bình. Đang số hóa cơ sở dữ liệu quản trị học sinh - sinh viên học nghề. | J75: Không có sự kiện riêng; chỉ có động lực chính sách chung | K75: 4 | L75: 5 | M75: 3 | N75: 4 | O75: 3 | P75: 3 | Q75: 2 | R75: 1 | S75: =IF(E75="Ngoài HN",1,IF(E75="","",6-VALUE(E75))) -> 2 | T75: 3 | U75: 3 | V75: =ROUND(SUMPRODUCT(K75:U75,$K$3:$U$3)/(5*SUM($K$3:$U$3))*100,1) -> 60.4 | W75: =IF(E75="Ngoài HN","Đợt 4 – Ngoài HN",IF(V75>='Trọng số'!$C$19,"Đợt 1",IF(V75>='Trọng số'!$C$20,"Đợt 2","Đợt 3"))) -> Đợt 3 | X75: =IF(K75>=4,"LMS + số hóa học liệu",IF(K75=3,"Nâng cấp/thay LMS + số hóa học liệu","Số hóa học liệu, chạy trên LMS sẵn có"))&IF(L75>=4," + mô phỏng","")&IF(M75>=4," + ngoại ngữ","") -> LMS + số hóa học liệu + mô phỏng | Y75: KHÔNG XÁC MINH ĐƯỢC tên trường; kiểm tra lại | Z75: C1=4: chỉ có phần mềm học liệu/thi trắc nghiệm | C2=5: khớp: điện–điện tử, cơ khí/ô tô/thiết bị | C3=3: ngoại ngữ là chuẩn đầu ra chung | C4=4: trường nghề nặng thực hành, học liệu chủ yếu giấy/PDF | C5=3: trung bình/chưa rõ | C6=3: Chưa rõ | C7=2: Không có sự kiện riêng; chỉ có động lực chính sách chung | C8=1: chưa có quan hệ (tự cập nhật) | C9=2: Vùng 4 | C10=3: số hóa trung bình | C11=3: trường trong mạng lưới | AB75: codienhatay.edu.vn | AC75: File gốc #42
A76: =RANK(V76,$V$5:$V$101) -> 72 | B76: CĐ Kinh tế - Kỹ thuật Thương mại (CTET) | C76: Cao đẳng | D76: Công lập – Bộ Công Thương | E76: 1 | F76: 4 | G76: CNTT (Ứng dụng phần mềm), Kỹ thuật xăng dầu, Thương mại | H76: Chưa có LMS. Chưa có phân hệ đào tạo trực tuyến riêng biệt. | I76: Cơ bản. Tuyển sinh còn nhận qua Google Forms xét tuyển. | J76: Không có sự kiện riêng; chỉ có động lực chính sách chung | K76: 5 | L76: 1 | M76: 5 | N76: 4 | O76: 3 | P76: 3 | Q76: 2 | R76: 1 | S76: =IF(E76="Ngoài HN",1,IF(E76="","",6-VALUE(E76))) -> 5 | T76: 2 | U76: 3 | V76: =ROUND(SUMPRODUCT(K76:U76,$K$3:$U$3)/(5*SUM($K$3:$U$3))*100,1) -> 60.2 | W76: =IF(E76="Ngoài HN","Đợt 4 – Ngoài HN",IF(V76>='Trọng số'!$C$19,"Đợt 1",IF(V76>='Trọng số'!$C$20,"Đợt 2","Đợt 3"))) -> Đợt 3 | X76: =IF(K76>=4,"LMS + số hóa học liệu",IF(K76=3,"Nâng cấp/thay LMS + số hóa học liệu","Số hóa học liệu, chạy trên LMS sẵn có"))&IF(L76>=4," + mô phỏng","")&IF(M76>=4," + ngoại ngữ","") -> LMS + số hóa học liệu + ngoại ngữ | Y76: Chưa xác minh (file gốc) | Z76: C1=5: chưa có LMS (theo file) | C2=1: không khớp nhóm nào | C3=5: ngành du lịch/thương mại/liên kết Hàn: ngoại ngữ là năng lực nghề | C4=4: trường nghề nặng thực hành, học liệu chủ yếu giấy/PDF | C5=3: trung bình/chưa rõ | C6=3: Công lập – Bộ Công Thương | C7=2: Không có sự kiện riêng; chỉ có động lực chính sách chung | C8=1: chưa có quan hệ (tự cập nhật) | C9=5: Vùng 1 | C10=2: số hóa quản lý cơ bản | C11=3: trường trong mạng lưới | AB76: ctet.edu.vn | AC76: File gốc #4
A77: =RANK(V77,$V$5:$V$101) -> 73 | B77: CĐ Du lịch Hà Nội (HTC) | C77: Cao đẳng | D77: Công lập – Bộ VHTTDL | E77: 3 | F77: 12 | G77: Quản trị khách sạn, Chế biến món ăn, Kỹ thuật dịch vụ | H77: Đã có E-learning. Triển khai đào tạo trực tuyến học phần lý thuyết du lịch. | I77: Khá. Cổng thông tin đào tạo tín chỉ và thu học phí trực tuyến đã vận hành ổn định. | J77: Không có sự kiện riêng; chỉ có động lực chính sách chung | K77: 3 | L77: 3 | M77: 5 | N77: 4 | O77: 3 | P77: 3 | Q77: 2 | R77: 1 | S77: =IF(E77="Ngoài HN",1,IF(E77="","",6-VALUE(E77))) -> 3 | T77: 4 | U77: 3 | V77: =ROUND(SUMPRODUCT(K77:U77,$K$3:$U$3)/(5*SUM($K$3:$U$3))*100,1) -> 59.8 | W77: =IF(E77="Ngoài HN","Đợt 4 – Ngoài HN",IF(V77>='Trọng số'!$C$19,"Đợt 1",IF(V77>='Trọng số'!$C$20,"Đợt 2","Đợt 3"))) -> Đợt 3 | X77: =IF(K77>=4,"LMS + số hóa học liệu",IF(K77=3,"Nâng cấp/thay LMS + số hóa học liệu","Số hóa học liệu, chạy trên LMS sẵn có"))&IF(L77>=4," + mô phỏng","")&IF(M77>=4," + ngoại ngữ","") -> Nâng cấp/thay LMS + số hóa học liệu + ngoại ngữ | Y77: Chưa xác minh (file gốc) | Z77: C1=3: có e-learning lý thuyết | C2=3: khớp: lab khoa học | C3=5: ngành du lịch/thương mại/liên kết Hàn: ngoại ngữ là năng lực nghề | C4=4: trường nghề nặng thực hành, học liệu chủ yếu giấy/PDF | C5=3: trung bình/chưa rõ | C6=3: Công lập – Bộ VHTTDL | C7=2: Không có sự kiện riêng; chỉ có động lực chính sách chung | C8=1: chưa có quan hệ (tự cập nhật) | C9=3: Vùng 3 | C10=4: số hóa quản lý khá | C11=3: trường trong mạng lưới | AB77: htc.edu.vn | AC77: File gốc #31
A78: =RANK(V78,$V$5:$V$101) -> 74 | B78: CĐ Cơ điện và Thủy lợi (CS giáp Thanh Trì) | C78: Cao đẳng | D78: Chưa rõ | E78: Ngoài HN | F78: 26 | G78: Điện tử, Tự động hóa, Cơ điện tử, Vận hành máy bơm | H78: Có LMS đào tạo trực tuyến. Phục vụ đào tạo lý thuyết nghề và cấp chứng chỉ trực tuyến. | I78: Số hóa tốt. Hệ thống quản trị trường nghề chuẩn hóa theo tiêu chí trường chất lượng cao. | J78: Không có sự kiện riêng; chỉ có động lực chính sách chung | K78: 3 | L78: 5 | M78: 3 | N78: 4 | O78: 3 | P78: 3 | Q78: 2 | R78: 1 | S78: =IF(E78="Ngoài HN",1,IF(E78="","",6-VALUE(E78))) -> 1 | T78: 5 | U78: 3 | V78: =ROUND(SUMPRODUCT(K78:U78,$K$3:$U$3)/(5*SUM($K$3:$U$3))*100,1) -> 59.6 | W78: =IF(E78="Ngoài HN","Đợt 4 – Ngoài HN",IF(V78>='Trọng số'!$C$19,"Đợt 1",IF(V78>='Trọng số'!$C$20,"Đợt 2","Đợt 3"))) -> Đợt 4 – Ngoài HN | X78: =IF(K78>=4,"LMS + số hóa học liệu",IF(K78=3,"Nâng cấp/thay LMS + số hóa học liệu","Số hóa học liệu, chạy trên LMS sẵn có"))&IF(L78>=4," + mô phỏng","")&IF(M78>=4," + ngoại ngữ","") -> Nâng cấp/thay LMS + số hóa học liệu + mô phỏng | Y78: NGHI SAI VỊ TRÍ: nhiều khả năng ở Hưng Yên; kiểm tra lại | Z78: C1=3: có e-learning lý thuyết | C2=5: khớp: điện–điện tử, cơ khí/ô tô/thiết bị, lab khoa học | C3=3: ngoại ngữ là chuẩn đầu ra chung | C4=4: trường nghề nặng thực hành, học liệu chủ yếu giấy/PDF | C5=3: trung bình/chưa rõ | C6=3: Chưa rõ | C7=2: Không có sự kiện riêng; chỉ có động lực chính sách chung | C8=1: chưa có quan hệ (tự cập nhật) | C9=1: Vùng Ngoài HN | C10=5: đã số hóa quản lý tốt | C11=3: trường trong mạng lưới | AB78: codienthuyloi.edu.vn | AC78: File gốc #51
A79: =RANK(V79,$V$5:$V$101) -> 74 | B79: Trường ĐH Lâm nghiệp | C79: Đại học | D79: Công lập – Bộ NN&MT | E79: 4 | G79: Lâm nghiệp, cơ điện, môi trường, sinh học | H79: Cần khảo sát (chưa rõ, giả định có LMS/Moodle cơ bản) | I79: Cần khảo sát | J79: Đề án 2371 | K79: 3 | L79: 4 | M79: 4 | N79: 4 | O79: 3 | P79: 3 | Q79: 3 | R79: 1 | S79: =IF(E79="Ngoài HN",1,IF(E79="","",6-VALUE(E79))) -> 2 | T79: 3 | U79: 3 | V79: =ROUND(SUMPRODUCT(K79:U79,$K$3:$U$3)/(5*SUM($K$3:$U$3))*100,1) -> 59.6 | W79: =IF(E79="Ngoài HN","Đợt 4 – Ngoài HN",IF(V79>='Trọng số'!$C$19,"Đợt 1",IF(V79>='Trọng số'!$C$20,"Đợt 2","Đợt 3"))) -> Đợt 3 | X79: =IF(K79>=4,"LMS + số hóa học liệu",IF(K79=3,"Nâng cấp/thay LMS + số hóa học liệu","Số hóa học liệu, chạy trên LMS sẵn có"))&IF(L79>=4," + mô phỏng","")&IF(M79>=4," + ngoại ngữ","") -> Nâng cấp/thay LMS + số hóa học liệu + mô phỏng + ngoại ngữ | Y79: Ước lượng – LMS/quy mô cần khảo sát | Z79: C1=3: chưa rõ, giả định có LMS/Moodle cơ bản | C2=4: khớp: điện–điện tử, lab khoa học | C3=4: Đề án 2371 + chuẩn đầu ra tiếng Anh ĐH | C4=4: khối lượng giáo trình lớn | C5=3: trung bình | C6=3: Công lập – Bộ NN&MT | C7=3: Đề án 2371 | C8=1: chưa có quan hệ (tự cập nhật) | C9=2: Vùng 4 (ước lượng) | C10=3: hạ tầng trung bình | C11=3: trường trung bình | AC79: Bổ sung
A80: =RANK(V80,$V$5:$V$101) -> 76 | B80: CĐ Sư phạm Trung ương (NCE) | C80: Cao đẳng | D80: Công lập – Bộ GD&ĐT | E80: 3 | F80: 12 | G80: Công nghệ Giáo dục, Thiết bị mầm non thông minh, Đồ họa | H80: Đã có LMS Moodle. Phục vụ đào tạo giáo viên mầm non và bồi dưỡng chuẩn nghề nghiệp. | I80: Số hóa tốt. Hệ thống quản lý học tập tín chỉ và hồ sơ sinh viên sư phạm bài bản. | J80: Không có sự kiện riêng; chỉ có động lực chính sách chung | K80: 3 | L80: 3 | M80: 3 | N80: 4 | O80: 3 | P80: 3 | Q80: 2 | R80: 1 | S80: =IF(E80="Ngoài HN",1,IF(E80="","",6-VALUE(E80))) -> 3 | T80: 5 | U80: 4 | V80: =ROUND(SUMPRODUCT(K80:U80,$K$3:$U$3)/(5*SUM($K$3:$U$3))*100,1) -> 59.4 | W80: =IF(E80="Ngoài HN","Đợt 4 – Ngoài HN",IF(V80>='Trọng số'!$C$19,"Đợt 1",IF(V80>='Trọng số'!$C$20,"Đợt 2","Đợt 3"))) -> Đợt 3 | X80: =IF(K80>=4,"LMS + số hóa học liệu",IF(K80=3,"Nâng cấp/thay LMS + số hóa học liệu","Số hóa học liệu, chạy trên LMS sẵn có"))&IF(L80>=4," + mô phỏng","")&IF(M80>=4," + ngoại ngữ","") -> Nâng cấp/thay LMS + số hóa học liệu | Y80: Chưa xác minh (file gốc) | Z80: C1=3: đang dùng Moodle | C2=3: khớp: cơ khí/ô tô/thiết bị | C3=3: ngoại ngữ là chuẩn đầu ra chung | C4=4: trường nghề nặng thực hành, học liệu chủ yếu giấy/PDF | C5=3: trung bình/chưa rõ | C6=3: Công lập – Bộ GD&ĐT | C7=2: Không có sự kiện riêng; chỉ có động lực chính sách chung | C8=1: chưa có quan hệ (tự cập nhật) | C9=3: Vùng 3 | C10=5: đã số hóa quản lý tốt | C11=4: thuộc hệ thống trường của TP/bộ, dễ nhân rộng | AB80: cdsptw.edu.vn | AC80: File gốc #32
A81: =RANK(V81,$V$5:$V$101) -> 76 | B81: CĐ nghề Đường sắt (VRC) | C81: Cao đẳng | D81: Công lập – Tổng Cty ĐSVN | E81: 4 | F81: 19.5 | G81: Mạch tín hiệu đường sắt, Đầu máy toa xe, Điện công nghiệp | H81: Có LMS nội bộ ngành. Đào tạo trực tuyến quy chuẩn an toàn chạy tàu cho nhân viên ngành đường sắt. | I81: Khá. Hệ thống quản lý chứng chỉ nghề và sinh viên đường sắt trực thuộc Tổng công ty ĐSVN. | J81: Không có sự kiện riêng; chỉ có động lực chính sách chung | K81: 3 | L81: 5 | M81: 3 | N81: 4 | O81: 3 | P81: 3 | Q81: 2 | R81: 1 | S81: =IF(E81="Ngoài HN",1,IF(E81="","",6-VALUE(E81))) -> 2 | T81: 4 | U81: 3 | V81: =ROUND(SUMPRODUCT(K81:U81,$K$3:$U$3)/(5*SUM($K$3:$U$3))*100,1) -> 59.4 | W81: =IF(E81="Ngoài HN","Đợt 4 – Ngoài HN",IF(V81>='Trọng số'!$C$19,"Đợt 1",IF(V81>='Trọng số'!$C$20,"Đợt 2","Đợt 3"))) -> Đợt 3 | X81: =IF(K81>=4,"LMS + số hóa học liệu",IF(K81=3,"Nâng cấp/thay LMS + số hóa học liệu","Số hóa học liệu, chạy trên LMS sẵn có"))&IF(L81>=4," + mô phỏng","")&IF(M81>=4," + ngoại ngữ","") -> Nâng cấp/thay LMS + số hóa học liệu + mô phỏng | Y81: Chưa xác minh (file gốc) | Z81: C1=3: có e-learning lý thuyết | C2=5: khớp: điện–điện tử, cơ khí/ô tô/thiết bị | C3=3: ngoại ngữ là chuẩn đầu ra chung | C4=4: trường nghề nặng thực hành, học liệu chủ yếu giấy/PDF | C5=3: trung bình/chưa rõ | C6=3: Công lập – Tổng Cty ĐSVN | C7=2: Không có sự kiện riêng; chỉ có động lực chính sách chung | C8=1: chưa có quan hệ (tự cập nhật) | C9=2: Vùng 4 | C10=4: số hóa quản lý khá | C11=3: trường trong mạng lưới | AB81: caodangduongsat.edu.vn | AC81: File gốc #45
A82: =RANK(V82,$V$5:$V$101) -> 76 | B82: CĐ nghề Kỹ thuật Công nghệ (TOCONTEL) | C82: Cao đẳng | D82: Chưa rõ | E82: 4 | F82: 25 | G82: Cơ khí chế tạo CNC, Điện tử công nghiệp, Cơ điện tử, Hàn 3D | H82: Đã có LMS của Tổng cục GDNN. Sử dụng nền tảng học số dùng chung và kho học liệu điện tử. | I82: Khá. Quản lý học bạ điện tử và hồ sơ sinh viên nghề chất lượng cao. | J82: Không có sự kiện riêng; chỉ có động lực chính sách chung | K82: 3 | L82: 5 | M82: 3 | N82: 4 | O82: 3 | P82: 3 | Q82: 2 | R82: 1 | S82: =IF(E82="Ngoài HN",1,IF(E82="","",6-VALUE(E82))) -> 2 | T82: 4 | U82: 3 | V82: =ROUND(SUMPRODUCT(K82:U82,$K$3:$U$3)/(5*SUM($K$3:$U$3))*100,1) -> 59.4 | W82: =IF(E82="Ngoài HN","Đợt 4 – Ngoài HN",IF(V82>='Trọng số'!$C$19,"Đợt 1",IF(V82>='Trọng số'!$C$20,"Đợt 2","Đợt 3"))) -> Đợt 3 | X82: =IF(K82>=4,"LMS + số hóa học liệu",IF(K82=3,"Nâng cấp/thay LMS + số hóa học liệu","Số hóa học liệu, chạy trên LMS sẵn có"))&IF(L82>=4," + mô phỏng","")&IF(M82>=4," + ngoại ngữ","") -> Nâng cấp/thay LMS + số hóa học liệu + mô phỏng | Y82: Chưa xác minh chủ quản | Z82: C1=3: có e-learning lý thuyết | C2=5: khớp: điện–điện tử, cơ khí/ô tô/thiết bị | C3=3: ngoại ngữ là chuẩn đầu ra chung | C4=4: trường nghề nặng thực hành, học liệu chủ yếu giấy/PDF | C5=3: trung bình/chưa rõ | C6=3: Chưa rõ | C7=2: Không có sự kiện riêng; chỉ có động lực chính sách chung | C8=1: chưa có quan hệ (tự cập nhật) | C9=2: Vùng 4 | C10=4: số hóa quản lý khá | C11=3: trường trong mạng lưới | AB82: cndt.edu.vn | AC82: File gốc #49
A83: =RANK(V83,$V$5:$V$101) -> 76 | B83: CĐ May và Thời trang Hà Nội (HCFT) | C83: Cao đẳng | D83: Doanh nghiệp – Tập đoàn Dệt May | E83: 4 | F83: 26 | G83: Sửa chữa thiết bị may, May thời trang, Cơ điện tử dệt may | H83: Chưa có LMS thực hành. Sử dụng website trường để thông báo kế hoạch giảng dạy. | I83: Cơ bản. Quản lý dữ liệu sinh viên nội bộ trực thuộc Tập đoàn Dệt May VN. | J83: Không có sự kiện riêng; chỉ có động lực chính sách chung | K83: 5 | L83: 4 | M83: 3 | N83: 4 | O83: 3 | P83: 3 | Q83: 2 | R83: 1 | S83: =IF(E83="Ngoài HN",1,IF(E83="","",6-VALUE(E83))) -> 2 | T83: 2 | U83: 3 | V83: =ROUND(SUMPRODUCT(K83:U83,$K$3:$U$3)/(5*SUM($K$3:$U$3))*100,1) -> 59.4 | W83: =IF(E83="Ngoài HN","Đợt 4 – Ngoài HN",IF(V83>='Trọng số'!$C$19,"Đợt 1",IF(V83>='Trọng số'!$C$20,"Đợt 2","Đợt 3"))) -> Đợt 3 | X83: =IF(K83>=4,"LMS + số hóa học liệu",IF(K83=3,"Nâng cấp/thay LMS + số hóa học liệu","Số hóa học liệu, chạy trên LMS sẵn có"))&IF(L83>=4," + mô phỏng","")&IF(M83>=4," + ngoại ngữ","") -> LMS + số hóa học liệu + mô phỏng | Y83: Chưa xác minh website (file có link nghi vấn) | Z83: C1=5: chưa có LMS (theo file) | C2=4: khớp: điện–điện tử, cơ khí/ô tô/thiết bị | C3=3: ngoại ngữ là chuẩn đầu ra chung | C4=4: trường nghề nặng thực hành, học liệu chủ yếu giấy/PDF | C5=3: trung bình/chưa rõ | C6=3: Doanh nghiệp – Tập đoàn Dệt May | C7=2: Không có sự kiện riêng; chỉ có động lực chính sách chung | C8=1: chưa có quan hệ (tự cập nhật) | C9=2: Vùng 4 | C10=2: số hóa quản lý cơ bản | C11=3: trường trong mạng lưới | AC83: File gốc #50
A84: =RANK(V84,$V$5:$V$101) -> 80 | B84: CĐ Truyền hình (VTV College) | C84: Cao đẳng | D84: Công lập – Đài THVN | E84: 3 | F84: 15 | G84: Kỹ thuật Truyền hình, Điện tử viễn thông, Đồ họa 3D, Quay phim | H84: Có E-learning cơ bản. Lưu trữ học liệu đa phương tiện và video bài giảng chuyên ngành. | I84: Khá. Hệ thống quản lý điểm và lịch giảng đường trực thuộc Đài Truyền hình VN. | J84: Không có sự kiện riêng; chỉ có động lực chính sách chung | K84: 4 | L84: 3 | M84: 3 | N84: 4 | O84: 3 | P84: 3 | Q84: 2 | R84: 1 | S84: =IF(E84="Ngoài HN",1,IF(E84="","",6-VALUE(E84))) -> 3 | T84: 4 | U84: 3 | V84: =ROUND(SUMPRODUCT(K84:U84,$K$3:$U$3)/(5*SUM($K$3:$U$3))*100,1) -> 59 | W84: =IF(E84="Ngoài HN","Đợt 4 – Ngoài HN",IF(V84>='Trọng số'!$C$19,"Đợt 1",IF(V84>='Trọng số'!$C$20,"Đợt 2","Đợt 3"))) -> Đợt 3 | X84: =IF(K84>=4,"LMS + số hóa học liệu",IF(K84=3,"Nâng cấp/thay LMS + số hóa học liệu","Số hóa học liệu, chạy trên LMS sẵn có"))&IF(L84>=4," + mô phỏng","")&IF(M84>=4," + ngoại ngữ","") -> LMS + số hóa học liệu | Y84: Chưa xác minh (file gốc) | Z84: C1=4: LMS mức cơ bản | C2=3: khớp: điện–điện tử | C3=3: ngoại ngữ là chuẩn đầu ra chung | C4=4: trường nghề nặng thực hành, học liệu chủ yếu giấy/PDF | C5=3: trung bình/chưa rõ | C6=3: Công lập – Đài THVN | C7=2: Không có sự kiện riêng; chỉ có động lực chính sách chung | C8=1: chưa có quan hệ (tự cập nhật) | C9=3: Vùng 3 | C10=4: số hóa quản lý khá | C11=3: trường trong mạng lưới | AB84: ctv.vtv.vn | AC84: File gốc #40
A85: =RANK(V85,$V$5:$V$101) -> 80 | B85: CĐ GTVT Trung ương I (CS Thường Tín) | C85: Cao đẳng | D85: Công lập – Bộ Xây dựng | E85: 4 | F85: 15.5 | G85: Điện - Điện tử Ô tô, Máy xây dựng, Xây dựng Cầu đường | H85: Có cổng đào tạo trực tuyến. Phục vụ đào tạo lý thuyết sát hạch lái xe và công nghệ kỹ thuật ô tô. | I85: Khá. Quản lý dữ liệu học viên đào tạo nghề giao thông theo quy chuẩn Bộ GTVT. | J85: Không có sự kiện riêng; chỉ có động lực chính sách chung | K85: 3 | L85: 4 | M85: 3 | N85: 4 | O85: 4 | P85: 3 | Q85: 2 | R85: 1 | S85: =IF(E85="Ngoài HN",1,IF(E85="","",6-VALUE(E85))) -> 2 | T85: 4 | U85: 3 | V85: =ROUND(SUMPRODUCT(K85:U85,$K$3:$U$3)/(5*SUM($K$3:$U$3))*100,1) -> 59 | W85: =IF(E85="Ngoài HN","Đợt 4 – Ngoài HN",IF(V85>='Trọng số'!$C$19,"Đợt 1",IF(V85>='Trọng số'!$C$20,"Đợt 2","Đợt 3"))) -> Đợt 3 | X85: =IF(K85>=4,"LMS + số hóa học liệu",IF(K85=3,"Nâng cấp/thay LMS + số hóa học liệu","Số hóa học liệu, chạy trên LMS sẵn có"))&IF(L85>=4," + mô phỏng","")&IF(M85>=4," + ngoại ngữ","") -> Nâng cấp/thay LMS + số hóa học liệu + mô phỏng | Y85: Chưa xác minh (file gốc) | Z85: C1=3: có e-learning lý thuyết | C2=4: khớp: điện–điện tử, cơ khí/ô tô/thiết bị | C3=3: ngoại ngữ là chuẩn đầu ra chung | C4=4: trường nghề nặng thực hành, học liệu chủ yếu giấy/PDF | C5=4: lớn, nhiều ngành | C6=3: Công lập – Bộ Xây dựng | C7=2: Không có sự kiện riêng; chỉ có động lực chính sách chung | C8=1: chưa có quan hệ (tự cập nhật) | C9=2: Vùng 4 | C10=4: số hóa quản lý khá | C11=3: trường trong mạng lưới | AB85: gtvttw1.edu.vn | AC85: File gốc #41
A86: =RANK(V86,$V$5:$V$101) -> 80 | B86: Trường ĐH Lao động – Xã hội | C86: Đại học | D86: Công lập | E86: 2 | G86: Kinh tế, xã hội, CNTT | H86: Cần khảo sát (chưa rõ, giả định có LMS/Moodle cơ bản) | I86: Cần khảo sát | J86: Đề án 2371 | K86: 3 | L86: 1 | M86: 4 | N86: 4 | O86: 4 | P86: 3 | Q86: 3 | R86: 1 | S86: =IF(E86="Ngoài HN",1,IF(E86="","",6-VALUE(E86))) -> 4 | T86: 4 | U86: 3 | V86: =ROUND(SUMPRODUCT(K86:U86,$K$3:$U$3)/(5*SUM($K$3:$U$3))*100,1) -> 59 | W86: =IF(E86="Ngoài HN","Đợt 4 – Ngoài HN",IF(V86>='Trọng số'!$C$19,"Đợt 1",IF(V86>='Trọng số'!$C$20,"Đợt 2","Đợt 3"))) -> Đợt 3 | X86: =IF(K86>=4,"LMS + số hóa học liệu",IF(K86=3,"Nâng cấp/thay LMS + số hóa học liệu","Số hóa học liệu, chạy trên LMS sẵn có"))&IF(L86>=4," + mô phỏng","")&IF(M86>=4," + ngoại ngữ","") -> Nâng cấp/thay LMS + số hóa học liệu + ngoại ngữ | Y86: Ước lượng – LMS/quy mô cần khảo sát | Z86: C1=3: chưa rõ, giả định có LMS/Moodle cơ bản | C2=1: không khớp nhóm nào | C3=4: Đề án 2371 + chuẩn đầu ra tiếng Anh ĐH | C4=4: khối lượng giáo trình lớn | C5=4: lớn | C6=3: Công lập | C7=3: Đề án 2371 | C8=1: chưa có quan hệ (tự cập nhật) | C9=4: Vùng 2 (ước lượng) | C10=4: hạ tầng khá | C11=3: trường trung bình | AC86: Bổ sung
A87: =RANK(V87,$V$5:$V$101) -> 83 | B87: CĐ Cơ điện Hà Nội (HCEM - CS Mai Dịch) | C87: Cao đẳng | D87: Công lập – bộ ngành | E87: 2 | F87: 10 | G87: Cơ điện tử, Robot công nghiệp, Điện tử, Tự động hóa, Ô tô | H87: Vận hành HCEM Smart Campus (AI): Chi tiết tại hcem.edu.vn/luu-tru/10160. | I87: Đã số hóa toàn diện. Dự án Smart Campus bao phủ từ quản trị, học tập đến thư viện số. | J87: Không có sự kiện riêng; chỉ có động lực chính sách chung | K87: 1 | L87: 5 | M87: 3 | N87: 2 | O87: 4 | P87: 3 | Q87: 2 | R87: 1 | S87: =IF(E87="Ngoài HN",1,IF(E87="","",6-VALUE(E87))) -> 4 | T87: 5 | U87: 5 | V87: =ROUND(SUMPRODUCT(K87:U87,$K$3:$U$3)/(5*SUM($K$3:$U$3))*100,1) -> 58.8 | W87: =IF(E87="Ngoài HN","Đợt 4 – Ngoài HN",IF(V87>='Trọng số'!$C$19,"Đợt 1",IF(V87>='Trọng số'!$C$20,"Đợt 2","Đợt 3"))) -> Đợt 3 | X87: =IF(K87>=4,"LMS + số hóa học liệu",IF(K87=3,"Nâng cấp/thay LMS + số hóa học liệu","Số hóa học liệu, chạy trên LMS sẵn có"))&IF(L87>=4," + mô phỏng","")&IF(M87>=4," + ngoại ngữ","") -> Số hóa học liệu, chạy trên LMS sẵn có + mô phỏng | Y87: Chưa xác minh (file gốc) | Z87: C1=1: Smart Campus đã vận hành | C2=5: khớp: điện–điện tử, cơ khí/ô tô/thiết bị, lab khoa học | C3=3: ngoại ngữ là chuẩn đầu ra chung | C4=2: đã có thư viện số/học liệu số tốt | C5=4: lớn, nhiều ngành | C6=3: Công lập – bộ ngành | C7=2: Không có sự kiện riêng; chỉ có động lực chính sách chung | C8=1: chưa có quan hệ (tự cập nhật) | C9=4: Vùng 2 | C10=5: đã số hóa quản lý tốt | C11=5: đầu tàu ngành | AB87: hcem.edu.vn | AC87: File gốc #23
A88: =RANK(V88,$V$5:$V$101) -> 83 | B88: CĐ Xây dựng Công trình Đô thị (CUWC) | C88: Cao đẳng | D88: Công lập – Bộ Xây dựng | E88: 4 | F88: 24 | G88: Cấp thoát nước đô thị, Điện công trình, Xây dựng dân dụng, BIM 3D | H88: Có hệ thống LMS Moodle. Đang triển khai các dự án hợp tác quốc tế về chuyển đổi số giáo dục nghề nghiệp. | I88: Số hóa tốt. Hệ thống ERP trường học quản lý toàn bộ học vụ, ký túc xá và văn bằng điện tử. | J88: Không có sự kiện riêng; chỉ có động lực chính sách chung | K88: 3 | L88: 4 | M88: 3 | N88: 4 | O88: 3 | P88: 3 | Q88: 2 | R88: 1 | S88: =IF(E88="Ngoài HN",1,IF(E88="","",6-VALUE(E88))) -> 2 | T88: 5 | U88: 3 | V88: =ROUND(SUMPRODUCT(K88:U88,$K$3:$U$3)/(5*SUM($K$3:$U$3))*100,1) -> 58.8 | W88: =IF(E88="Ngoài HN","Đợt 4 – Ngoài HN",IF(V88>='Trọng số'!$C$19,"Đợt 1",IF(V88>='Trọng số'!$C$20,"Đợt 2","Đợt 3"))) -> Đợt 3 | X88: =IF(K88>=4,"LMS + số hóa học liệu",IF(K88=3,"Nâng cấp/thay LMS + số hóa học liệu","Số hóa học liệu, chạy trên LMS sẵn có"))&IF(L88>=4," + mô phỏng","")&IF(M88>=4," + ngoại ngữ","") -> Nâng cấp/thay LMS + số hóa học liệu + mô phỏng | Y88: Chưa xác minh (file gốc) | Z88: C1=3: đang dùng Moodle | C2=4: khớp: điện–điện tử, cơ khí/ô tô/thiết bị | C3=3: ngoại ngữ là chuẩn đầu ra chung | C4=4: trường nghề nặng thực hành, học liệu chủ yếu giấy/PDF | C5=3: trung bình/chưa rõ | C6=3: Công lập – Bộ Xây dựng | C7=2: Không có sự kiện riêng; chỉ có động lực chính sách chung | C8=1: chưa có quan hệ (tự cập nhật) | C9=2: Vùng 4 | C10=5: đã số hóa quản lý tốt | C11=3: trường trong mạng lưới | AB88: cuwc.edu.vn | AC88: File gốc #48
A89: =RANK(V89,$V$5:$V$101) -> 83 | B89: CĐ Cơ khí Nông nghiệp (CAM - Vành đai phía Bắc) | C89: Cao đẳng | D89: Công lập – bộ ngành | E89: Ngoài HN | F89: 30 | G89: Thiết kế vi mạch, Robot công nghiệp, Công nghệ Ô tô, Cơ khí CNC | H89: Đã có LMS E-learning hoàn chỉnh. Nằm trong mạng lưới trường nghề trọng điểm quốc tế chuyển đổi số mạnh mẽ. | I89: Số hóa toàn diện. Ứng dụng phần mềm quản lý học vụ tín chỉ, thư viện số và điểm danh tự động. | J89: Không có sự kiện riêng; chỉ có động lực chính sách chung | K89: 2 | L89: 5 | M89: 3 | N89: 4 | O89: 4 | P89: 3 | Q89: 2 | R89: 1 | S89: =IF(E89="Ngoài HN",1,IF(E89="","",6-VALUE(E89))) -> 1 | T89: 5 | U89: 3 | V89: =ROUND(SUMPRODUCT(K89:U89,$K$3:$U$3)/(5*SUM($K$3:$U$3))*100,1) -> 58.8 | W89: =IF(E89="Ngoài HN","Đợt 4 – Ngoài HN",IF(V89>='Trọng số'!$C$19,"Đợt 1",IF(V89>='Trọng số'!$C$20,"Đợt 2","Đợt 3"))) -> Đợt 4 – Ngoài HN | X89: =IF(K89>=4,"LMS + số hóa học liệu",IF(K89=3,"Nâng cấp/thay LMS + số hóa học liệu","Số hóa học liệu, chạy trên LMS sẵn có"))&IF(L89>=4," + mô phỏng","")&IF(M89>=4," + ngoại ngữ","") -> Số hóa học liệu, chạy trên LMS sẵn có + mô phỏng | Y89: SAI VỊ TRÍ: trụ sở tại Bình Xuyên, Vĩnh Phúc cũ (nay Phú Thọ) | Z89: C1=2: đã có LMS đầy đủ | C2=5: khớp: điện–điện tử, cơ khí/ô tô/thiết bị, lab khoa học | C3=3: ngoại ngữ là chuẩn đầu ra chung | C4=4: trường nghề nặng thực hành, học liệu chủ yếu giấy/PDF | C5=4: lớn, nhiều ngành | C6=3: Công lập – bộ ngành | C7=2: Không có sự kiện riêng; chỉ có động lực chính sách chung | C8=1: chưa có quan hệ (tự cập nhật) | C9=1: Vùng Ngoài HN | C10=5: đã số hóa quản lý tốt | C11=3: trường trong mạng lưới | AB89: cam.edu.vn | AC89: File gốc #52
A90: =RANK(V90,$V$5:$V$101) -> 86 | B90: CĐ Nông nghiệp & PTNT Bắc Bộ | C90: Cao đẳng | D90: Công lập – Bộ NN&MT | E90: 4 | F90: 18.5 | G90: Cơ khí nông nghiệp, Điện công nghiệp, Trắc địa & Địa chính 3D | H90: Có cổng học tập trực tuyến. Hỗ trợ các lớp tập huấn kỹ thuật nông nghiệp từ xa. | I90: Trung bình. Quản lý học vụ theo niên chế trực thuộc Bộ NN&PTNT. | J90: Không có sự kiện riêng; chỉ có động lực chính sách chung | K90: 3 | L90: 5 | M90: 3 | N90: 4 | O90: 3 | P90: 3 | Q90: 2 | R90: 1 | S90: =IF(E90="Ngoài HN",1,IF(E90="","",6-VALUE(E90))) -> 2 | T90: 3 | U90: 3 | V90: =ROUND(SUMPRODUCT(K90:U90,$K$3:$U$3)/(5*SUM($K$3:$U$3))*100,1) -> 58 | W90: =IF(E90="Ngoài HN","Đợt 4 – Ngoài HN",IF(V90>='Trọng số'!$C$19,"Đợt 1",IF(V90>='Trọng số'!$C$20,"Đợt 2","Đợt 3"))) -> Đợt 3 | X90: =IF(K90>=4,"LMS + số hóa học liệu",IF(K90=3,"Nâng cấp/thay LMS + số hóa học liệu","Số hóa học liệu, chạy trên LMS sẵn có"))&IF(L90>=4," + mô phỏng","")&IF(M90>=4," + ngoại ngữ","") -> Nâng cấp/thay LMS + số hóa học liệu + mô phỏng | Y90: Chưa xác minh (file gốc) | Z90: C1=3: có e-learning lý thuyết | C2=5: khớp: điện–điện tử, cơ khí/ô tô/thiết bị, lab khoa học | C3=3: ngoại ngữ là chuẩn đầu ra chung | C4=4: trường nghề nặng thực hành, học liệu chủ yếu giấy/PDF | C5=3: trung bình/chưa rõ | C6=3: Công lập – Bộ NN&MT | C7=2: Không có sự kiện riêng; chỉ có động lực chính sách chung | C8=1: chưa có quan hệ (tự cập nhật) | C9=2: Vùng 4 | C10=3: số hóa trung bình | C11=3: trường trong mạng lưới | AB90: vcard.edu.vn | AC90: File gốc #43
A91: =RANK(V91,$V$5:$V$101) -> 87 | B91: CĐ Kinh tế Công nghiệp Hà Nội (HIEC) | C91: Cao đẳng | D91: Công lập – bộ ngành (cần xác minh) | E91: 2 | F91: 8 | G91: Điện tử công nghiệp, Kỹ thuật vi tính, Công nghệ kỹ thuật điện | H91: Có LMS E-learning. Vận hành đào tạo từ xa và bổ trợ học trên lớp. | I91: Khá. Quản lý sinh viên và kế hoạch đào tạo qua phân hệ quản lý trực tuyến. | J91: Không có sự kiện riêng; chỉ có động lực chính sách chung | K91: 3 | L91: 3 | M91: 3 | N91: 4 | O91: 3 | P91: 3 | Q91: 2 | R91: 1 | S91: =IF(E91="Ngoài HN",1,IF(E91="","",6-VALUE(E91))) -> 4 | T91: 4 | U91: 3 | V91: =ROUND(SUMPRODUCT(K91:U91,$K$3:$U$3)/(5*SUM($K$3:$U$3))*100,1) -> 57.8 | W91: =IF(E91="Ngoài HN","Đợt 4 – Ngoài HN",IF(V91>='Trọng số'!$C$19,"Đợt 1",IF(V91>='Trọng số'!$C$20,"Đợt 2","Đợt 3"))) -> Đợt 3 | X91: =IF(K91>=4,"LMS + số hóa học liệu",IF(K91=3,"Nâng cấp/thay LMS + số hóa học liệu","Số hóa học liệu, chạy trên LMS sẵn có"))&IF(L91>=4," + mô phỏng","")&IF(M91>=4," + ngoại ngữ","") -> Nâng cấp/thay LMS + số hóa học liệu | Y91: Chưa xác minh (file gốc) | Z91: C1=3: có e-learning lý thuyết | C2=3: khớp: điện–điện tử | C3=3: ngoại ngữ là chuẩn đầu ra chung | C4=4: trường nghề nặng thực hành, học liệu chủ yếu giấy/PDF | C5=3: trung bình/chưa rõ | C6=3: Công lập – bộ ngành (cần xác minh) | C7=2: Không có sự kiện riêng; chỉ có động lực chính sách chung | C8=1: chưa có quan hệ (tự cập nhật) | C9=4: Vùng 2 | C10=4: số hóa quản lý khá | C11=3: trường trong mạng lưới | AB91: hiec.edu.vn | AC91: File gốc #17
A92: =RANK(V92,$V$5:$V$101) -> 87 | B92: CĐ Kinh tế Kỹ thuật Trung ương (NETC) | C92: Cao đẳng | D92: Công lập – Liên minh HTX VN | E92: 4 | F92: 23 | G92: Điện - Điện tử, Tin học ứng dụng, May thời trang công nghiệp | H92: Có E-learning cơ bản. Khảo sát điểm thi và tài liệu học tập qua cổng web. | I92: Khá. Quản trị sinh viên và thông tin tín chỉ trực tuyến trực thuộc Liên minh HTX Việt Nam. | J92: Không có sự kiện riêng; chỉ có động lực chính sách chung | K92: 4 | L92: 3 | M92: 3 | N92: 4 | O92: 3 | P92: 3 | Q92: 2 | R92: 1 | S92: =IF(E92="Ngoài HN",1,IF(E92="","",6-VALUE(E92))) -> 2 | T92: 4 | U92: 3 | V92: =ROUND(SUMPRODUCT(K92:U92,$K$3:$U$3)/(5*SUM($K$3:$U$3))*100,1) -> 57.8 | W92: =IF(E92="Ngoài HN","Đợt 4 – Ngoài HN",IF(V92>='Trọng số'!$C$19,"Đợt 1",IF(V92>='Trọng số'!$C$20,"Đợt 2","Đợt 3"))) -> Đợt 3 | X92: =IF(K92>=4,"LMS + số hóa học liệu",IF(K92=3,"Nâng cấp/thay LMS + số hóa học liệu","Số hóa học liệu, chạy trên LMS sẵn có"))&IF(L92>=4," + mô phỏng","")&IF(M92>=4," + ngoại ngữ","") -> LMS + số hóa học liệu | Y92: Chưa xác minh (file gốc) | Z92: C1=4: LMS mức cơ bản | C2=3: khớp: điện–điện tử | C3=3: ngoại ngữ là chuẩn đầu ra chung | C4=4: trường nghề nặng thực hành, học liệu chủ yếu giấy/PDF | C5=3: trung bình/chưa rõ | C6=3: Công lập – Liên minh HTX VN | C7=2: Không có sự kiện riêng; chỉ có động lực chính sách chung | C8=1: chưa có quan hệ (tự cập nhật) | C9=2: Vùng 4 | C10=4: số hóa quản lý khá | C11=3: trường trong mạng lưới | AB92: netc.edu.vn | AC92: File gốc #47
A93: =RANK(V93,$V$5:$V$101) -> 89 | B93: CĐ FPT Polytechnic Hà Nội | C93: Cao đẳng | D93: Tư thục – Tổ chức GD FPT | E93: 2 | F93: 8.5 | G93: Thiết kế vi mạch, Tự động hóa, IoT/Nhúng, Cơ khí, Đồ họa 3D | H93: Hệ sinh thái LMS tự phát triển: lms.poly.edu.vn, cms.poly.edu.vn. Quản lý tại ap.poly.edu.vn. | I93: Số hóa toàn diện 100%. Mọi hoạt động từ điểm danh, nộp assignment đến chấm code đều tự động. | J93: Không có sự kiện riêng; chỉ có động lực chính sách chung | K93: 1 | L93: 5 | M93: 3 | N93: 2 | O93: 5 | P93: 3 | Q93: 2 | R93: 1 | S93: =IF(E93="Ngoài HN",1,IF(E93="","",6-VALUE(E93))) -> 4 | T93: 5 | U93: 3 | V93: =ROUND(SUMPRODUCT(K93:U93,$K$3:$U$3)/(5*SUM($K$3:$U$3))*100,1) -> 57.6 | W93: =IF(E93="Ngoài HN","Đợt 4 – Ngoài HN",IF(V93>='Trọng số'!$C$19,"Đợt 1",IF(V93>='Trọng số'!$C$20,"Đợt 2","Đợt 3"))) -> Đợt 3 | X93: =IF(K93>=4,"LMS + số hóa học liệu",IF(K93=3,"Nâng cấp/thay LMS + số hóa học liệu","Số hóa học liệu, chạy trên LMS sẵn có"))&IF(L93>=4," + mô phỏng","")&IF(M93>=4," + ngoại ngữ","") -> Số hóa học liệu, chạy trên LMS sẵn có + mô phỏng | Y93: Chưa xác minh (file gốc) | Z93: C1=1: hệ sinh thái LMS tự phát triển | C2=5: khớp: điện–điện tử, cơ khí/ô tô/thiết bị, lab khoa học | C3=3: ngoại ngữ là chuẩn đầu ra chung | C4=2: đã có thư viện số/học liệu số tốt | C5=5: rất lớn | C6=3: Tư thục – Tổ chức GD FPT | C7=2: Không có sự kiện riêng; chỉ có động lực chính sách chung | C8=1: chưa có quan hệ (tự cập nhật) | C9=4: Vùng 2 | C10=5: đã số hóa quản lý tốt | C11=3: trường trong mạng lưới | AA93: Quyết định ở cấp tập đoàn, tự phát triển LMS; chỉ nên chào khóa mô phỏng/học liệu | AB93: caodang.fpt.edu.vn | AC93: File gốc #18
A94: =RANK(V94,$V$5:$V$101) -> 90 | B94: CĐ An ninh mạng iSPACE (VP Đào tạo Hà Nội) | C94: Cao đẳng | D94: Tư thục | E94: Ngoài HN | F94: 5 | G94: An ninh mạng, Quản trị mạng, Lập trình nhúng & IoT | H94: Đã có hệ thống LMS chuyên sâu. Chuyên chạy máy ảo Cyber Range thực hành mạng. | I94: Số hóa tốt. Hệ thống quản trị sinh viên tập trung từ cơ sở chính. | J94: Không có sự kiện riêng; chỉ có động lực chính sách chung | K94: 2 | L94: 3 | M94: 3 | N94: 4 | O94: 3 | P94: 5 | Q94: 2 | R94: 1 | S94: =IF(E94="Ngoài HN",1,IF(E94="","",6-VALUE(E94))) -> 1 | T94: 5 | U94: 2 | V94: =ROUND(SUMPRODUCT(K94:U94,$K$3:$U$3)/(5*SUM($K$3:$U$3))*100,1) -> 55.8 | W94: =IF(E94="Ngoài HN","Đợt 4 – Ngoài HN",IF(V94>='Trọng số'!$C$19,"Đợt 1",IF(V94>='Trọng số'!$C$20,"Đợt 2","Đợt 3"))) -> Đợt 4 – Ngoài HN | X94: =IF(K94>=4,"LMS + số hóa học liệu",IF(K94=3,"Nâng cấp/thay LMS + số hóa học liệu","Số hóa học liệu, chạy trên LMS sẵn có"))&IF(L94>=4," + mô phỏng","")&IF(M94>=4," + ngoại ngữ","") -> Số hóa học liệu, chạy trên LMS sẵn có | Y94: SAI VỊ TRÍ: trường đặt tại TP.HCM, không thấy cơ sở Hà Nội | Z94: C1=2: đã có LMS đầy đủ | C2=3: khớp: điện–điện tử | C3=3: ngoại ngữ là chuẩn đầu ra chung | C4=4: trường nghề nặng thực hành, học liệu chủ yếu giấy/PDF | C5=3: trung bình/chưa rõ | C6=5: Tư thục | C7=2: Không có sự kiện riêng; chỉ có động lực chính sách chung | C8=1: chưa có quan hệ (tự cập nhật) | C9=1: Vùng Ngoài HN | C10=5: đã số hóa quản lý tốt | C11=2: ít giá trị tham chiếu tại HN | AB94: ispace.edu.vn | AC94: File gốc #10
A95: =RANK(V95,$V$5:$V$101) -> 91 | B95: Trường ĐH FPT (Hòa Lạc) | C95: Đại học | D95: Tư thục – Tổ chức GD FPT | E95: 4 | G95: CNTT, vi mạch, ngôn ngữ | H95: Cần khảo sát (hệ thống tự phát triển (giả định)) | I95: Cần khảo sát | J95: Đề án 2371 | K95: 1 | L95: 3 | M95: 4 | N95: 2 | O95: 5 | P95: 3 | Q95: 3 | R95: 1 | S95: =IF(E95="Ngoài HN",1,IF(E95="","",6-VALUE(E95))) -> 2 | T95: 5 | U95: 3 | V95: =ROUND(SUMPRODUCT(K95:U95,$K$3:$U$3)/(5*SUM($K$3:$U$3))*100,1) -> 54.8 | W95: =IF(E95="Ngoài HN","Đợt 4 – Ngoài HN",IF(V95>='Trọng số'!$C$19,"Đợt 1",IF(V95>='Trọng số'!$C$20,"Đợt 2","Đợt 3"))) -> Đợt 3 | X95: =IF(K95>=4,"LMS + số hóa học liệu",IF(K95=3,"Nâng cấp/thay LMS + số hóa học liệu","Số hóa học liệu, chạy trên LMS sẵn có"))&IF(L95>=4," + mô phỏng","")&IF(M95>=4," + ngoại ngữ","") -> Số hóa học liệu, chạy trên LMS sẵn có + ngoại ngữ | Y95: Ước lượng – LMS/quy mô cần khảo sát | Z95: C1=1: hệ thống tự phát triển (giả định) | C2=3: khớp: điện–điện tử | C3=4: Đề án 2371 + chuẩn đầu ra tiếng Anh ĐH | C4=2: đã có hệ thống học liệu số riêng | C5=5: rất lớn | C6=3: Tư thục – Tổ chức GD FPT | C7=3: Đề án 2371 | C8=1: chưa có quan hệ (tự cập nhật) | C9=2: Vùng 4 (ước lượng) | C10=5: hạ tầng CNTT mạnh | C11=3: trường trung bình | AA95: Tự phát triển hệ thống; chỉ chào khóa mô phỏng/học liệu | AC95: Bổ sung
A96: =RANK(V96,$V$5:$V$101) -> 92 | B96: CĐ Phát thanh - Truyền hình I (CS Xuân Mai) | C96: Cao đẳng | D96: Công lập – Đài TNVN | E96: Ngoài HN | F96: 19 | G96: Kỹ thuật Điện tử - Viễn thông, Công nghệ kỹ thuật truyền hình | H96: Đã có hệ thống E-learning. Vận hành đào tạo bồi dưỡng nghiệp vụ báo chí - kỹ thuật của Đài Tiếng nói VN. | I96: Khá. Số hóa dữ liệu sinh viên và cổng thông tin đào tạo tín chỉ hoàn chỉnh. | J96: Không có sự kiện riêng; chỉ có động lực chính sách chung | K96: 3 | L96: 3 | M96: 3 | N96: 4 | O96: 3 | P96: 3 | Q96: 2 | R96: 1 | S96: =IF(E96="Ngoài HN",1,IF(E96="","",6-VALUE(E96))) -> 1 | T96: 4 | U96: 3 | V96: =ROUND(SUMPRODUCT(K96:U96,$K$3:$U$3)/(5*SUM($K$3:$U$3))*100,1) -> 54.2 | W96: =IF(E96="Ngoài HN","Đợt 4 – Ngoài HN",IF(V96>='Trọng số'!$C$19,"Đợt 1",IF(V96>='Trọng số'!$C$20,"Đợt 2","Đợt 3"))) -> Đợt 4 – Ngoài HN | X96: =IF(K96>=4,"LMS + số hóa học liệu",IF(K96=3,"Nâng cấp/thay LMS + số hóa học liệu","Số hóa học liệu, chạy trên LMS sẵn có"))&IF(L96>=4," + mô phỏng","")&IF(M96>=4," + ngoại ngữ","") -> Nâng cấp/thay LMS + số hóa học liệu | Y96: SAI VỊ TRÍ: trụ sở tại Phủ Lý (Hà Nam cũ) | Z96: C1=3: có e-learning lý thuyết | C2=3: khớp: điện–điện tử | C3=3: ngoại ngữ là chuẩn đầu ra chung | C4=4: trường nghề nặng thực hành, học liệu chủ yếu giấy/PDF | C5=3: trung bình/chưa rõ | C6=3: Công lập – Đài TNVN | C7=2: Không có sự kiện riêng; chỉ có động lực chính sách chung | C8=1: chưa có quan hệ (tự cập nhật) | C9=1: Vùng Ngoài HN | C10=4: số hóa quản lý khá | C11=3: trường trong mạng lưới | AB96: vov.edu.vn | AC96: File gốc #44
A97: =RANK(V97,$V$5:$V$101) -> 93 | B97: CĐ Nghệ thuật Hà Nội | C97: Cao đẳng | D97: Công lập – TP Hà Nội | E97: 3 | F97: 13 | G97: Thiết kế mỹ thuật 3D, Âm thanh ánh sáng sân khấu, Thiết kế đồ họa | H97: Chưa có LMS chuyên biệt. Quản lý đào tạo theo phương thức tập trung tại xưởng/phòng tập. | I97: Cơ bản. Cổng thông tin đăng tải lịch thi và thông báo học vụ. | J97: Giữ nguyên, tái cấu trúc; BGH bố trí lại 6/10/2026 | K97: 5 | L97: 1 | M97: 2 | N97: 4 | O97: 2 | P97: 3 | Q97: 3 | R97: 1 | S97: =IF(E97="Ngoài HN",1,IF(E97="","",6-VALUE(E97))) -> 3 | T97: 2 | U97: 3 | V97: =ROUND(SUMPRODUCT(K97:U97,$K$3:$U$3)/(5*SUM($K$3:$U$3))*100,1) -> 53.4 | W97: =IF(E97="Ngoài HN","Đợt 4 – Ngoài HN",IF(V97>='Trọng số'!$C$19,"Đợt 1",IF(V97>='Trọng số'!$C$20,"Đợt 2","Đợt 3"))) -> Đợt 3 | X97: =IF(K97>=4,"LMS + số hóa học liệu",IF(K97=3,"Nâng cấp/thay LMS + số hóa học liệu","Số hóa học liệu, chạy trên LMS sẵn có"))&IF(L97>=4," + mô phỏng","")&IF(M97>=4," + ngoại ngữ","") -> LMS + số hóa học liệu | Y97: Đã xác minh giữ nguyên; khoảng cách trong file có thể sai | Z97: C1=5: chưa có LMS (theo file) | C2=1: không khớp nhóm nào | C3=2: ngành năng khiếu, ngoại ngữ ít ưu tiên | C4=4: trường nghề nặng thực hành, học liệu chủ yếu giấy/PDF | C5=2: nhỏ, chuyên biệt | C6=3: Công lập – TP Hà Nội | C7=3: Giữ nguyên, tái cấu trúc; BGH bố trí lại 6/10/2026 | C8=1: chưa có quan hệ (tự cập nhật) | C9=3: Vùng 3 | C10=2: số hóa quản lý cơ bản | C11=3: trường trong mạng lưới | AA97: Hiệu trưởng: Vũ Tiến Dũng (TB 750-TB/TU) | AB97: nghethuathanoi.edu.vn | AC97: File gốc #35
A98: =RANK(V98,$V$5:$V$101) -> 94 | B98: CĐ Truyền thông Quốc tế (IMC) | C98: Cao đẳng | D98: Chưa rõ | E98: 2 | F98: 9.5 | G98: Kỹ thuật dựng hình 3D, Kỹ thuật âm thanh ánh sáng, CNTT | H98: LMS mức cơ bản. Có cổng quản lý tài liệu học tập của các lớp tín chỉ. | I98: Trung bình. Quản lý tuyển sinh và đào tạo qua website trường. | J98: Không có sự kiện riêng; chỉ có động lực chính sách chung | K98: 4 | L98: 1 | M98: 3 | N98: 4 | O98: 2 | P98: 3 | Q98: 2 | R98: 1 | S98: =IF(E98="Ngoài HN",1,IF(E98="","",6-VALUE(E98))) -> 4 | T98: 3 | U98: 3 | V98: =ROUND(SUMPRODUCT(K98:U98,$K$3:$U$3)/(5*SUM($K$3:$U$3))*100,1) -> 53.2 | W98: =IF(E98="Ngoài HN","Đợt 4 – Ngoài HN",IF(V98>='Trọng số'!$C$19,"Đợt 1",IF(V98>='Trọng số'!$C$20,"Đợt 2","Đợt 3"))) -> Đợt 3 | X98: =IF(K98>=4,"LMS + số hóa học liệu",IF(K98=3,"Nâng cấp/thay LMS + số hóa học liệu","Số hóa học liệu, chạy trên LMS sẵn có"))&IF(L98>=4," + mô phỏng","")&IF(M98>=4," + ngoại ngữ","") -> LMS + số hóa học liệu | Y98: Chưa xác minh | Z98: C1=4: LMS mức cơ bản | C2=1: không khớp nhóm nào | C3=3: ngoại ngữ là chuẩn đầu ra chung | C4=4: trường nghề nặng thực hành, học liệu chủ yếu giấy/PDF | C5=2: nhỏ, chuyên biệt | C6=3: Chưa rõ | C7=2: Không có sự kiện riêng; chỉ có động lực chính sách chung | C8=1: chưa có quan hệ (tự cập nhật) | C9=4: Vùng 2 | C10=3: số hóa trung bình | C11=3: trường trong mạng lưới | AB98: imc.edu.vn | AC98: File gốc #22
A99: =RANK(V99,$V$5:$V$101) -> 95 | B99: CĐ Nghệ thuật và Thiết kế Hà Nội | C99: Cao đẳng | D99: Chưa rõ | E99: 2 | F99: 9 | G99: Thiết kế đồ họa 3D, Diễn họa kiến trúc 3D, Mỹ thuật đa phương tiện | H99: Chưa có LMS thực hành chuyên sâu. Chủ yếu dùng Google Workspace và drive chia sẻ file. | I99: Cơ bản. Cổng thông tin hỗ trợ tiếp nhận hồ sơ xét tuyển online. | J99: Không có sự kiện riêng; chỉ có động lực chính sách chung | K99: 5 | L99: 1 | M99: 2 | N99: 4 | O99: 2 | P99: 3 | Q99: 2 | R99: 1 | S99: =IF(E99="Ngoài HN",1,IF(E99="","",6-VALUE(E99))) -> 4 | T99: 2 | U99: 3 | V99: =ROUND(SUMPRODUCT(K99:U99,$K$3:$U$3)/(5*SUM($K$3:$U$3))*100,1) -> 52.6 | W99: =IF(E99="Ngoài HN","Đợt 4 – Ngoài HN",IF(V99>='Trọng số'!$C$19,"Đợt 1",IF(V99>='Trọng số'!$C$20,"Đợt 2","Đợt 3"))) -> Đợt 3 | X99: =IF(K99>=4,"LMS + số hóa học liệu",IF(K99=3,"Nâng cấp/thay LMS + số hóa học liệu","Số hóa học liệu, chạy trên LMS sẵn có"))&IF(L99>=4," + mô phỏng","")&IF(M99>=4," + ngoại ngữ","") -> LMS + số hóa học liệu | Y99: Chưa xác minh tên trường tồn tại | Z99: C1=5: chưa có LMS (theo file) | C2=1: không khớp nhóm nào | C3=2: ngành năng khiếu, ngoại ngữ ít ưu tiên | C4=4: trường nghề nặng thực hành, học liệu chủ yếu giấy/PDF | C5=2: nhỏ, chuyên biệt | C6=3: Chưa rõ | C7=2: Không có sự kiện riêng; chỉ có động lực chính sách chung | C8=1: chưa có quan hệ (tự cập nhật) | C9=4: Vùng 2 | C10=2: số hóa quản lý cơ bản | C11=3: trường trong mạng lưới | AB99: caodangnghethuat.edu.vn | AC99: File gốc #20
A100: =RANK(V100,$V$5:$V$101) -> 96 | B100: Trường ĐH Mỹ thuật Công nghiệp | C100: Đại học | D100: Công lập | E100: 2 | G100: Thiết kế, mỹ thuật, đồ họa 3D | H100: Cần khảo sát (chưa rõ, giả định LMS sơ khai) | I100: Cần khảo sát | J100: Không có sự kiện riêng | K100: 4 | L100: 1 | M100: 3 | N100: 3 | O100: 3 | P100: 3 | Q100: 2 | R100: 1 | S100: =IF(E100="Ngoài HN",1,IF(E100="","",6-VALUE(E100))) -> 4 | T100: 3 | U100: 2 | V100: =ROUND(SUMPRODUCT(K100:U100,$K$3:$U$3)/(5*SUM($K$3:$U$3))*100,1) -> 51.4 | W100: =IF(E100="Ngoài HN","Đợt 4 – Ngoài HN",IF(V100>='Trọng số'!$C$19,"Đợt 1",IF(V100>='Trọng số'!$C$20,"Đợt 2","Đợt 3"))) -> Đợt 3 | X100: =IF(K100>=4,"LMS + số hóa học liệu",IF(K100=3,"Nâng cấp/thay LMS + số hóa học liệu","Số hóa học liệu, chạy trên LMS sẵn có"))&IF(L100>=4," + mô phỏng","")&IF(M100>=4," + ngoại ngữ","") -> LMS + số hóa học liệu | Y100: Ước lượng – LMS/quy mô cần khảo sát | Z100: C1=4: chưa rõ, giả định LMS sơ khai | C2=1: không khớp nhóm nào | C3=3: ngành năng khiếu, ngoại ngữ là môn chung | C4=3: đã có một phần học liệu số | C5=3: trung bình | C6=3: Công lập | C7=2: Không có sự kiện riêng | C8=1: chưa có quan hệ (tự cập nhật) | C9=4: Vùng 2 (ước lượng) | C10=3: hạ tầng trung bình | C11=2: ít giá trị tham chiếu | AC100: Bổ sung
...

Sheet Pipeline
A1: Pipeline liên hệ
A2: Đã điền sẵn trường Đợt 1 và Đợt 2 (theo điểm sơ bộ). Thêm dòng mới ở cuối khi cần. Cột Đợt tự cập nhật theo sheet Chấm điểm.
A4: Trường | B4: Đợt (tự động) | C4: Điểm (tự động) | D4: Người liên hệ | E4: Chức vụ | F4: Điện thoại / Email | G4: Kênh tiếp cận | H4: Ngày liên hệ đầu | I4: Giai đoạn | J4: Nhu cầu chính phát hiện | K4: Gói đề xuất | L4: Giá trị ước tính (triệu đ) | M4: Bước tiếp theo | N4: Hạn | O4: Bước số (tự động) | P4: Ghi chú
A5: VÍ DỤ – CĐ ABC (xóa dòng này khi dùng) | B5: Đợt 1 | C5: 72 | D5: Nguyễn Văn A | E5: Trưởng phòng Đào tạo | F5: 09xx xxx xxx | G5: Giới thiệu | H5: 2026-11-04 | I5: 4. Đã khảo sát nhu cầu | J5: Hợp nhất 2 bộ giáo trình sau sáp nhập; thiếu thiết bị điện | K5: Pilot số hóa 1 khoa + mô phỏng mạch điện | L5: 150 | M5: Gửi đề xuất pilot | N5: 2026-11-15 | O5: 4
A6: Trường ĐH Phenikaa | B6: =IFERROR(INDEX('Chấm điểm'!$W$5:$W$101,MATCH(A6,'Chấm điểm'!$B$5:$B$101,0)),"") -> Đợt 1 | C6: =IFERROR(INDEX('Chấm điểm'!$V$5:$V$101,MATCH(A6,'Chấm điểm'!$B$5:$B$101,0)),"") -> 78.2 | I6: 1. Chưa liên hệ | O6: =IF(I6="","",VALUE(LEFT(I6,1))) -> 1
A7: CĐ Y tế Hà Nội (đã hợp nhất CĐ Y tế Hà Đông) | B7: =IFERROR(INDEX('Chấm điểm'!$W$5:$W$101,MATCH(A7,'Chấm điểm'!$B$5:$B$101,0)),"") -> Đợt 1 | C7: =IFERROR(INDEX('Chấm điểm'!$V$5:$V$101,MATCH(A7,'Chấm điểm'!$B$5:$B$101,0)),"") -> 77.6 | I7: 1. Chưa liên hệ | O7: =IF(I7="","",VALUE(LEFT(I7,1))) -> 1
A8: CĐ nghề Việt Nam – Hàn Quốc TP Hà Nội | B8: =IFERROR(INDEX('Chấm điểm'!$W$5:$W$101,MATCH(A8,'Chấm điểm'!$B$5:$B$101,0)),"") -> Đợt 1 | C8: =IFERROR(INDEX('Chấm điểm'!$V$5:$V$101,MATCH(A8,'Chấm điểm'!$B$5:$B$101,0)),"") -> 73.8 | I8: 1. Chưa liên hệ | O8: =IF(I8="","",VALUE(LEFT(I8,1))) -> 1
A9: CĐ Kỹ thuật - Công nghệ Bách Khoa (CTECH) | B9: =IFERROR(INDEX('Chấm điểm'!$W$5:$W$101,MATCH(A9,'Chấm điểm'!$B$5:$B$101,0)),"") -> Đợt 1 | C9: =IFERROR(INDEX('Chấm điểm'!$V$5:$V$101,MATCH(A9,'Chấm điểm'!$B$5:$B$101,0)),"") -> 73.6 | I9: 1. Chưa liên hệ | O9: =IF(I9="","",VALUE(LEFT(I9,1))) -> 1
A10: CĐ Thương mại và Du lịch Hà Nội (đã nhận CĐ Cộng đồng HN) | B10: =IFERROR(INDEX('Chấm điểm'!$W$5:$W$101,MATCH(A10,'Chấm điểm'!$B$5:$B$101,0)),"") -> Đợt 1 | C10: =IFERROR(INDEX('Chấm điểm'!$V$5:$V$101,MATCH(A10,'Chấm điểm'!$B$5:$B$101,0)),"") -> 72.8 | I10: 1. Chưa liên hệ | O10: =IF(I10="","",VALUE(LEFT(I10,1))) -> 1
A11: Trường ĐH Công nghiệp Hà Nội (HaUI) | B11: =IFERROR(INDEX('Chấm điểm'!$W$5:$W$101,MATCH(A11,'Chấm điểm'!$B$5:$B$101,0)),"") -> Đợt 1 | C11: =IFERROR(INDEX('Chấm điểm'!$V$5:$V$101,MATCH(A11,'Chấm điểm'!$B$5:$B$101,0)),"") -> 72.8 | I11: 1. Chưa liên hệ | O11: =IF(I11="","",VALUE(LEFT(I11,1))) -> 1
A12: CĐ nghề Công nghiệp Hà Nội (HNIVC) | B12: =IFERROR(INDEX('Chấm điểm'!$W$5:$W$101,MATCH(A12,'Chấm điểm'!$B$5:$B$101,0)),"") -> Đợt 1 | C12: =IFERROR(INDEX('Chấm điểm'!$V$5:$V$101,MATCH(A12,'Chấm điểm'!$B$5:$B$101,0)),"") -> 71.8 | I12: 1. Chưa liên hệ | O12: =IF(I12="","",VALUE(LEFT(I12,1))) -> 1
A13: Trường ĐH Xây dựng Hà Nội | B13: =IFERROR(INDEX('Chấm điểm'!$W$5:$W$101,MATCH(A13,'Chấm điểm'!$B$5:$B$101,0)),"") -> Đợt 1 | C13: =IFERROR(INDEX('Chấm điểm'!$V$5:$V$101,MATCH(A13,'Chấm điểm'!$B$5:$B$101,0)),"") -> 71.4 | I13: 1. Chưa liên hệ | O13: =IF(I13="","",VALUE(LEFT(I13,1))) -> 1
A14: CĐ Điện tử - Điện lạnh Hà Nội (CER) | B14: =IFERROR(INDEX('Chấm điểm'!$W$5:$W$101,MATCH(A14,'Chấm điểm'!$B$5:$B$101,0)),"") -> Đợt 1 | C14: =IFERROR(INDEX('Chấm điểm'!$V$5:$V$101,MATCH(A14,'Chấm điểm'!$B$5:$B$101,0)),"") -> 70.8 | I14: 1. Chưa liên hệ | O14: =IF(I14="","",VALUE(LEFT(I14,1))) -> 1
A15: Trường ĐH Kinh doanh và Công nghệ Hà Nội (HUBT) | B15: =IFERROR(INDEX('Chấm điểm'!$W$5:$W$101,MATCH(A15,'Chấm điểm'!$B$5:$B$101,0)),"") -> Đợt 1 | C15: =IFERROR(INDEX('Chấm điểm'!$V$5:$V$101,MATCH(A15,'Chấm điểm'!$B$5:$B$101,0)),"") -> 70.6 | I15: 1. Chưa liên hệ | O15: =IF(I15="","",VALUE(LEFT(I15,1))) -> 1
A16: CĐ Công nghệ và Thương mại Hà Nội (HTT) | B16: =IFERROR(INDEX('Chấm điểm'!$W$5:$W$101,MATCH(A16,'Chấm điểm'!$B$5:$B$101,0)),"") -> Đợt 1 | C16: =IFERROR(INDEX('Chấm điểm'!$V$5:$V$101,MATCH(A16,'Chấm điểm'!$B$5:$B$101,0)),"") -> 70.2 | I16: 1. Chưa liên hệ | O16: =IF(I16="","",VALUE(LEFT(I16,1))) -> 1
A17: Trường ĐH Đại Nam | B17: =IFERROR(INDEX('Chấm điểm'!$W$5:$W$101,MATCH(A17,'Chấm điểm'!$B$5:$B$101,0)),"") -> Đợt 1 | C17: =IFERROR(INDEX('Chấm điểm'!$V$5:$V$101,MATCH(A17,'Chấm điểm'!$B$5:$B$101,0)),"") -> 70.2 | I17: 1. Chưa liên hệ | O17: =IF(I17="","",VALUE(LEFT(I17,1))) -> 1
... A57: Trường ĐH Điện lực | B57: =IFERROR(INDEX('Chấm điểm'!$W$5:$W$101,MATCH(A57,'Chấm điểm'!$B$5:$B$101,0)),"") -> Đợt 2 | C57: =IFERROR(INDEX('Chấm điểm'!$V$5:$V$101,MATCH(A57,'Chấm điểm'!$B$5:$B$101,0)),"") -> 65.2 | I57: 1. Chưa liên hệ | O57: =IF(I57="","",VALUE(LEFT(I57,1))) -> 1
B58: =IFERROR(INDEX('Chấm điểm'!$W$5:$W$101,MATCH(A58,'Chấm điểm'!$B$5:$B$101,0)),"") | C58: =IFERROR(INDEX('Chấm điểm'!$V$5:$V$101,MATCH(A58,'Chấm điểm'!$B$5:$B$101,0)),"") | O58: =IF(I58="","",VALUE(LEFT(I58,1)))
B59: =IFERROR(INDEX('Chấm điểm'!$W$5:$W$101,MATCH(A59,'Chấm điểm'!$B$5:$B$101,0)),"") | C59: =IFERROR(INDEX('Chấm điểm'!$V$5:$V$101,MATCH(A59,'Chấm điểm'!$B$5:$B$101,0)),"") | O59: =IF(I59="","",VALUE(LEFT(I59,1)))
B60: =IFERROR(INDEX('Chấm điểm'!$W$5:$W$101,MATCH(A60,'Chấm điểm'!$B$5:$B$101,0)),"") | C60: =IFERROR(INDEX('Chấm điểm'!$V$5:$V$101,MATCH(A60,'Chấm điểm'!$B$5:$B$101,0)),"") | O60: =IF(I60="","",VALUE(LEFT(I60,1)))
B61: =IFERROR(INDEX('Chấm điểm'!$W$5:$W$101,MATCH(A61,'Chấm điểm'!$B$5:$B$101,0)),"") | C61: =IFERROR(INDEX('Chấm điểm'!$V$5:$V$101,MATCH(A61,'Chấm điểm'!$B$5:$B$101,0)),"") | O61: =IF(I61="","",VALUE(LEFT(I61,1)))
B62: =IFERROR(INDEX('Chấm điểm'!$W$5:$W$101,MATCH(A62,'Chấm điểm'!$B$5:$B$101,0)),"") | C62: =IFERROR(INDEX('Chấm điểm'!$V$5:$V$101,MATCH(A62,'Chấm điểm'!$B$5:$B$101,0)),"") | O62: =IF(I62="","",VALUE(LEFT(I62,1)))
B63: =IFERROR(INDEX('Chấm điểm'!$W$5:$W$101,MATCH(A63,'Chấm điểm'!$B$5:$B$101,0)),"") | C63: =IFERROR(INDEX('Chấm điểm'!$V$5:$V$101,MATCH(A63,'Chấm điểm'!$B$5:$B$101,0)),"") | O63: =IF(I63="","",VALUE(LEFT(I63,1)))
B64: =IFERROR(INDEX('Chấm điểm'!$W$5:$W$101,MATCH(A64,'Chấm điểm'!$B$5:$B$101,0)),"") | C64: =IFERROR(INDEX('Chấm điểm'!$V$5:$V$101,MATCH(A64,'Chấm điểm'!$B$5:$B$101,0)),"") | O64: =IF(I64="","",VALUE(LEFT(I64,1)))
B65: =IFERROR(INDEX('Chấm điểm'!$W$5:$W$101,MATCH(A65,'Chấm điểm'!$B$5:$B$101,0)),"") | C65: =IFERROR(INDEX('Chấm điểm'!$V$5:$V$101,MATCH(A65,'Chấm điểm'!$B$5:$B$101,0)),"") | O65: =IF(I65="","",VALUE(LEFT(I65,1)))
B66: =IFERROR(INDEX('Chấm điểm'!$W$5:$W$101,MATCH(A66,'Chấm điểm'!$B$5:$B$101,0)),"") | C66: =IFERROR(INDEX('Chấm điểm'!$V$5:$V$101,MATCH(A66,'Chấm điểm'!$B$5:$B$101,0)),"") | O66: =IF(I66="","",VALUE(LEFT(I66,1)))
B67: =IFERROR(INDEX('Chấm điểm'!$W$5:$W$101,MATCH(A67,'Chấm điểm'!$B$5:$B$101,0)),"") | C67: =IFERROR(INDEX('Chấm điểm'!$V$5:$V$101,MATCH(A67,'Chấm điểm'!$B$5:$B$101,0)),"") | O67: =IF(I67="","",VALUE(LEFT(I67,1)))
B68: =IFERROR(INDEX('Chấm điểm'!$W$5:$W$101,MATCH(A68,'Chấm điểm'!$B$5:$B$101,0)),"") | C68: =IFERROR(INDEX('Chấm điểm'!$V$5:$V$101,MATCH(A68,'Chấm điểm'!$B$5:$B$101,0)),"") | O68: =IF(I68="","",VALUE(LEFT(I68,1)))
B69: =IFERROR(INDEX('Chấm điểm'!$W$5:$W$101,MATCH(A69,'Chấm điểm'!$B$5:$B$101,0)),"") | C69: =IFERROR(INDEX('Chấm điểm'!$V$5:$V$101,MATCH(A69,'Chấm điểm'!$B$5:$B$101,0)),"") | O69: =IF(I69="","",VALUE(LEFT(I69,1)))
... B97: =IFERROR(INDEX('Chấm điểm'!$W$5:$W$101,MATCH(A97,'Chấm điểm'!$B$5:$B$101,0)),"") | C97: =IFERROR(INDEX('Chấm điểm'!$V$5:$V$101,MATCH(A97,'Chấm điểm'!$B$5:$B$101,0)),"") | O97: =IF(I97="","",VALUE(LEFT(I97,1)))

Sheet Kịch bản
A1: Kịch bản tiếp cận theo phân khúc
A2: Mở cuộc gặp bằng nỗi đau cụ thể, kết thúc bằng một pilot nhỏ. Cả gói nằm trong đề xuất, không trình bày hết ở lần gặp đầu.
A4: Phân khúc | B4: Trường tiêu biểu trong danh sách | C4: Nỗi đau thường gặp | D4: Câu mở đầu gợi ý | E4: Gói mở cửa (pilot) | F4: Cần gặp ai | G4: Mang theo bằng chứng gì
A5: Công lập vừa sáp nhập/nâng cấp | B5: CĐ Y tế HN; CĐ nghề Công nghiệp HN; CĐ Điện tử-Điện lạnh HN; CĐ Thương mại & Du lịch HN; CĐ nghề Việt Nam–Hàn Quốc; 2 trung cấp nâng cấp | C5: 2–3 bộ chương trình, giáo trình, dữ liệu SV khác nhau phải gộp làm một; BGH mới cần kết quả rõ trong năm đầu; giảng viên các cơ sở cũ chưa dùng chung công cụ | D5: "Sau sáp nhập, trường đang có mấy bộ giáo trình cho cùng một nghề? Chúng tôi giúp kiểm kê và đưa về một kho học liệu chung trên một nền tảng trong một học kỳ." | E5: Kiểm kê học liệu miễn phí + pilot số hóa và lên LMS cho 1 khoa/1 nghề trong học kỳ 2 | F5: Hiệu trưởng / PHT phụ trách đào tạo; Trưởng phòng Đào tạo; người phụ trách CNTT | G5: Mẫu báo cáo kiểm kê học liệu; demo LMS với lớp gộp từ 2 cơ sở; kế hoạch triển khai 1 học kỳ
A6: Y – dược – điều dưỡng | B6: CĐ Y Dược Tuệ Tĩnh; CĐ Y Dược Pasteur; CĐ Y Dược HN; CĐ Dược HN; CĐ Y HN; CĐ Y tế Bạch Mai; ĐH Đại Nam; ĐH Thăng Long; ĐH Thành Đô | C6: Thiếu giờ thực hành lâm sàng, phòng skills lab đắt; SV điều dưỡng muốn làm việc ở Nhật/Đức cần ngoại ngữ chuyên ngành; tuyển sinh cạnh tranh | D6: "Sinh viên của trường được luyện bao nhiêu quy trình điều dưỡng trước khi vào viện? Chúng tôi có mô phỏng quy trình để luyện không giới hạn số lần." | E6: 1 mô-đun mô phỏng điều dưỡng + 1 khóa ngoại ngữ chuyên ngành, chạy thử cho 1 lớp | F6: Trưởng khoa Điều dưỡng/Dược; Phòng Đào tạo; với tư thục: chủ đầu tư/Hiệu trưởng | G6: Video demo mô phỏng; đề cương khóa tiếng Nhật/Đức/Anh điều dưỡng
A7: Kỹ thuật: điện – cơ khí – ô tô | B7: CTECH; HACTECH; CĐ Công nghệ & Thương mại HN; CĐ Bách Khoa; CĐ Đại Việt; CĐ Quốc tế HN; CĐ Kỹ thuật TTB Y tế | C7: Thiết bị thực hành đắt, hao mòn, sĩ số xưởng lớn; giáo trình mô-đun cũ; khó cập nhật công nghệ mới (xe điện, vi mạch) | D7: "Mỗi học kỳ trường mất bao nhiêu linh kiện, thiết bị vì sinh viên thực hành sai? Mô phỏng giúp SV làm đúng trước khi vào xưởng." | E7: Mô phỏng 1 mô-đun (ví dụ mạch điện cơ bản hoặc hệ thống điện ô tô) + số hóa giáo trình chính mô-đun đó | F7: Trưởng khoa Điện/Cơ khí/Ô tô; Phòng Đào tạo | G7: Demo mô phỏng mạch/ô tô; so sánh chi phí vật tư trước và sau
A8: Tư thục đa ngành | B8: CĐ Bách nghệ; CĐ Công nghệ HN (Hitech); HUBT; ĐH Phenikaa; ĐH Hòa Bình | C8: Cạnh tranh tuyển sinh; cần điểm khác biệt để truyền thông; muốn tối ưu chi phí giảng dạy | D8: "Năm tới trường muốn tuyển sinh bằng điểm khác biệt nào? 'Thực hành ảo + ngoại ngữ ngay từ năm nhất' là thông điệp phụ huynh dễ hiểu." | E8: Cả gói, tính phí theo số SV/năm; pilot cho khóa tuyển sinh mới | F8: Chủ đầu tư/Chủ tịch HĐQT; Hiệu trưởng; Trưởng phòng Tuyển sinh | G8: Mẫu nội dung truyền thông tuyển sinh dùng sản phẩm; bảng giá theo SV
A9: Đại học | B9: PTIT; ĐH Xây dựng; ĐH Thủy lợi; UNETI; ĐH Dược HN; ĐH Mở HN; HaUI; ĐH Thủ đô HN | C9: Chuẩn đầu ra tiếng Anh; mục tiêu QĐ 2371 đến 2030; khối lượng giáo trình lớn chưa số hóa; phòng thí nghiệm quá tải | D9: "Theo QĐ 2371, đến 2030 tối thiểu 20% cơ sở đại học phải đạt mức 1. Trường đang theo lộ trình nào? Chúng tôi có thể số hóa giáo trình và triển khai tiếng Anh chuyên ngành trên nền tảng của trường." | E9: Số hóa học liệu 1 khoa + khóa tiếng Anh chuyên ngành; mô phỏng lab cho 1 học phần | F9: Phòng Đào tạo; Trung tâm Ngoại ngữ; Trung tâm Học liệu/Thư viện; Trưởng khoa | G9: Trích QĐ 2371; mẫu học liệu số đã làm; khả năng tích hợp SCORM/LTI với LMS hiện có
A10: TT GDNN-GDTX (14 TT sau sắp xếp) | B10: 14 TT khu vực, ưu tiên Hà Đông–Chương Mỹ và Hoàng Mai–Thanh Xuân | C10: Vừa gộp từ 29 TT; học viên GDTX cấp THPT thiếu phòng thí nghiệm Lý–Hóa–Sinh; ngân sách hạn chế; 5 TT sắp chuyển thành trường trung học nghề | D10: "Học viên GDTX của trung tâm làm thí nghiệm Lý, Hóa, Sinh ở đâu? Phòng thí nghiệm ảo trên một nền tảng dùng chung cho cả 14 trung tâm giúp tiết kiệm đầu tư." | E10: Đề xuất cấp cụm tới Sở GD&ĐT; pilot tại 1 TT (Hà Đông–Chương Mỹ) | F10: Sở GD&ĐT HN (phòng phụ trách GDNN-GDTX); Giám đốc TT | G10: Demo lab ảo Lý–Hóa–Sinh; mô hình chi phí cho 14 TT so với đầu tư phòng thí nghiệm thật
A11: Đã số hóa mạnh (không chào LMS) | B11: CĐ Công nghệ cao HN; CĐ Cơ điện HN (HCEM); FPT Polytechnic; ĐH FPT; HaUI | C11: Đã có LMS/Smart Campus; cần nội dung chất lượng cho ngành mới (vi mạch, xe điện, AI) | D11: "Trường đã có nền tảng tốt. Chúng tôi cung cấp nội dung mô phỏng và học liệu số chạy ngay trên LMS hiện có." | E11: Gói nội dung: mô phỏng + học liệu số theo chuẩn SCORM/xAPI cho 1 ngành mới | F11: Trưởng khoa ngành mới; Trung tâm/phòng phụ trách học liệu số | G11: File SCORM chạy thử trên LMS của trường

Sheet Câu hỏi khảo sát
A1: Câu hỏi khảo sát nhu cầu (dùng ở cuộc gặp đầu)
A2: Mỗi câu gắn với tiêu chí để bạn chấm lại điểm sau buổi gặp.
A4: Tiêu chí | B4: Câu hỏi | C4: Nghe gì để chấm điểm cao
A5: C1 LMS | B5: Hiện trường giao bài, học online, kiểm tra bằng hệ thống gì? Ai quản trị? Hợp đồng với nhà cung cấp đến khi nào? | C5: Chưa có hệ thống, hoặc dùng Google Classroom/Zalo; hợp đồng cũ sắp hết; không hài lòng
A6: C1 / C10 | B6: Trường có tổ CNTT không, mấy người? Giảng viên đã quen dạy online chưa? | C6: Có 2–3 người CNTT, giảng viên đã dạy online (đủ năng lực triển khai)
A7: C2 Mô phỏng | B7: Mô-đun thực hành nào hay thiếu thiết bị, hỏng thiết bị hoặc tốn vật tư nhất? | C7: Kể ra được mô-đun cụ thể, có số liệu chi phí vật tư
A8: C3 Ngoại ngữ | B8: Chuẩn đầu ra ngoại ngữ hiện nay là gì? Tỷ lệ SV đạt? Có chương trình đưa SV làm việc ở nước ngoài, hợp tác Hàn/Nhật/Đức không? | C8: Tỷ lệ đạt thấp; có liên kết nước ngoài; có kế hoạch theo QĐ 2371
A9: C4 Học liệu | B9: Trường có bao nhiêu giáo trình, bài giảng? Đang ở dạng giấy, Word hay PDF? Đã có kế hoạch số hóa chưa? | C9: Học liệu chủ yếu giấy/PDF; có kế hoạch nhưng chưa có đơn vị làm; vừa gộp nhiều bộ
A10: C5 Quy mô | B10: Trường có bao nhiêu HSSV, bao nhiêu nghề/ngành, bao nhiêu giảng viên? | C10: Trên 2.000 HSSV, nhiều ngành
A11: C6 Tài chính | B11: Kinh phí cho chuyển đổi số lấy từ đâu (ngân sách, nguồn thu sự nghiệp, chủ đầu tư)? Kế hoạch và dự toán 2027 đã chốt chưa? Trường thường mua theo hình thức nào (mua sắm, thuê dịch vụ CNTT)? Mức nào trường tự quyết được? | C11: Có nguồn thu tự chủ; dự toán 2027 còn mở; trường quen thuê dịch vụ
A12: C7 Kích hoạt | B12: Năm học tới trường có mục tiêu lớn nào: kiểm định, trường chất lượng cao, mở ngành mới, hoàn thiện sau sáp nhập? | C12: Có mốc thời gian cụ thể trong 6–12 tháng
A13: C8 Tiếp cận | B13: Ngoài anh/chị, ai sẽ tham gia quyết định? Ai là người quyết cuối cùng? | C13: Được giới thiệu gặp người quyết định
A14: C11 Tham chiếu | B14: Trường có thuộc mạng lưới, hiệp hội hay cùng chủ quản với trường nào khác? Có sẵn sàng làm case hoặc đồng tổ chức hội thảo không? | C14: Sẵn sàng chia sẻ kết quả, giới thiệu trường khác
